项目名称,联系,属性,
四川省叙永县2015年地质灾害1/5万详细调查报告,影响因素,5.12汶川特大地震引发的次生地质灾害,
四川省叙永县2015年地质灾害1/5万详细调查报告,调查内容,资料收集和野外踏勘,
四川省叙永县2015年地质灾害1/5万详细调查报告,调查内容,遥感解译,
四川省叙永县2015年地质灾害1/5万详细调查报告,调查内容,地质灾害调查测绘,
四川省叙永县2015年地质灾害1/5万详细调查报告,调查内容,大比例尺地形测量及工程地质测绘,
四川省叙永县2015年地质灾害1/5万详细调查报告,调查内容,工程地质钻探,
四川省叙永县2015年地质灾害1/5万详细调查报告,调查内容,测试、试验,
四川省叙永县2015年地质灾害1/5万详细调查报告,调查内容,居民集中区后山斜坡调查评价,
四川省叙永县2015年地质灾害1/5万详细调查报告,调查内容,数据采集及数据库建设,
四川省叙永县2015年地质灾害1/5万详细调查报告,项目时间,2015年10月至2016年1月,
四川省叙永县2015年地质灾害1/5万详细调查报告,主要成果,四川省2015年叙永县1：50000地质灾害详细调查报告,
四川省叙永县2015年地质灾害1/5万详细调查报告,主要成果,叙永县地质灾害详细调查遥感解译专题报告,
四川省叙永县2015年地质灾害1/5万详细调查报告,主要成果,叙永县地质灾害详细调查物探解译专题报告,
四川省叙永县2015年地质灾害1/5万详细调查报告,主要成果,叙永县地质灾害详细调查重点场镇综合调查报告,
四川省叙永县2015年地质灾害1/5万详细调查报告,主要成果,叙永县地质灾害详细调查典型小流域综合调查报告,
四川省叙永县2015年地质灾害1/5万详细调查报告,主要成果,叙永县地质灾害详细调查重大地质灾害勘查报告,
四川省叙永县2015年地质灾害1/5万详细调查报告,主要成果,叙永县地质灾害详细调查数据库建设报告,
四川省叙永县2015年地质灾害1/5万详细调查报告,主要成果,叙永县避险搬迁安置规划报告（建议稿）,
四川省叙永县2015年地质灾害1/5万详细调查报告,主要成果,叙永县重大地质灾害治理工程复核报告,
四川省叙永县2015年地质灾害1/5万详细调查报告,主要成果,叙永县地质灾害防治规划（2015年修编）（建议稿）,
四川省2016年遂宁市射洪县地质灾害详细调查报告,调查方式,公开招投标,
四川省2016年遂宁市射洪县地质灾害详细调查报告,承担单位,四川省地质调查院,
四川省木里县地质灾害调查与防治区划报告,承担单位,四川省地矿局成都水文地质工程地质中心,
四川省木里县地质灾害调查与防治区划报告,项目目的,查明木里县地质灾害隐患,
四川省木里县地质灾害调查与防治区划报告,项目目的,划定地质灾害易发区,
四川省木里县地质灾害调查与防治区划报告,项目目的,建立地质灾害信息系统,
四川省木里县地质灾害调查与防治区划报告,项目目的,为有计划地开展地质灾害防治提供科学依据,
四川省木里县地质灾害调查与防治区划报告,完成工作量,地质灾害调查面积：13253km²,
四川省木里县地质灾害调查与防治区划报告,完成工作量,调查地质灾害点：99个,
调查地质灾害点：99个,包括,有隐患的泥石流沟22条,
调查地质灾害点：99个,包括,滑坡、崩塌69处,
调查地质灾害点：99个,包括,不稳定斜坡8处,
四川省木里县地质灾害调查与防治区划报告,主要成果,基本查明了木里县地质灾害类型主要为滑坡、泥石流灾害,
四川省木里县地质灾害调查与防治区划报告,主要成果,阐述了地质灾害的规模、分布、形成条件、诱发因素,
四川省木里县地质灾害调查与防治区划报告,主要成果,对危害大的滑坡、泥石流进行了研究，分析评价了其稳定性,
四川省木里县地质灾害调查与防治区划报告,主要成果,对木里县地质灾害易发程度进行了分区评价,
四川省木里县地质灾害调查与防治区划报告,主要成果,编制了《四川省木里县地质灾害分布及易发图》,
四川省木里县地质灾害调查与防治区划报告,主要成果,编制了《四川省木里县地质灾害防治规划图》，确定重点防治区、次重点防治区、一般防治区以及重点防治段,
四川省木里县地质灾害调查与防治区划报告,提出内容,地质灾害防治规划,
四川省阿坝州理县地质灾害详细调查成果报告,批准单位,四川省国土资源厅,
四川省阿坝州理县地质灾害详细调查成果报告,项目业主,四川省地政地藉事务中心,
四川省阿坝州理县地质灾害详细调查成果报告,建设资金来源,中央财政投资,
四川省阿坝州理县地质灾害详细调查成果报告,调查范围,县城、13个乡镇、85个行政村、202个居民小组、学校、重要景区、交通干线、水电站等地区,
四川省阿坝州理县地质灾害详细调查成果报告,调查方法,卫星和航空遥感资料、地质灾害调查测绘、工程勘查、试验等技术手段,
四川省阿坝州理县地质灾害详细调查成果报告,调查成果,复核现有地质灾害点、新增地质灾害隐患点、易发性、危险性评价与区划,
四川省阿坝州理县地质灾害详细调查成果报告,对策建议,防治对策建议、台帐管理建立,
四川省阿坝州理县地质灾害详细调查成果报告,教育培训,农户地质灾害防灾知识培训、专业技术人员培训,
四川省阿坝州理县地质灾害详细调查成果报告,汛期工作,驻守督导、现场应急调查及处置、抢险和预防避让工作,
四川省阿坝州理县地质灾害详细调查成果报告,结论,各项工作能满足技术规范和省厅任务书要求，质量真实可靠,
四川省西昌市地质灾害调查与防治区划报告,承担单位,四川省地矿局成都水文地质工程地质中心,
四川省西昌市地质灾害调查与防治区划报告,目的,查明地质灾害隐患点，划定易发区，建立信息系统，为地质灾害防治规划提供科学依据,
四川省西昌市地质灾害调查与防治区划报告,地质灾害调查范围,2654.89km2,
四川省西昌市地质灾害调查与防治区划报告,调查地质灾害点数,76处，其中26处为滑坡，50处为泥石流,
四川省西昌市地质灾害调查与防治区划报告,主要成果,查明地质灾害类型、规模、分布、形成条件、诱发因素；研究了滑坡、泥石流的形体特征、形成条件、影响因素，并进行了稳定性分析；对76处地质灾害隐患点进行了灾情预评估,
四川省西昌市地质灾害调查与防治区划报告,结论,编制《四川省西昌市地质灾害分布及易发图》，阐述高易发区、中易发区和低易发区,
四川省西昌市地质灾害调查与防治区划报告,结论,编制《四川省西昌市地质灾害防治规划图》，确定重点防治区、次重点防治区、一般防治区和重点防治段,
四川省西昌市地质灾害调查与防治区划报告,规划,提出防治措施,
四川省盐源县地质灾害调查与区划报告,承担单位,四川省地矿局成都水文地质工程地质中心,
四川省盐源县地质灾害调查与区划报告,目的,查明地质灾害隐患，圈定易发区，建立信息系统，为地质环境监督管理提供科学依据,
四川省盐源县地质灾害调查与区划报告,地质灾害调查范围,8388km2,
四川省盐源县地质灾害调查与区划报告,调查地质灾害点数,198个，其中滑坡101处，泥石流40处，不稳定斜坡48处，地面塌陷7处，地裂缝2条,
四川省盐源县地质灾害调查与区划报告,主要成果,查明了地质灾害类型、规模、数量、分布、形成条件、诱发因素、稳定性、危害性；对各类地质灾害进行了研究，包括滑坡、泥石流、不稳定斜坡和地面塌陷；论述了地质灾害的发育规律,
四川省盐源县地质灾害调查与区划报告,结论,编制了《四川省盐源县地质灾害分布及易发程度分区图》,
四川省盐源县地质灾害调查与区划报告,结论,编制了《四川省盐源县地质灾害防治规划图》，并提出了防治措施,
四川省44县地震地质灾害应急排查信息系统,下达任务单位,中国地质调查局,
四川省44县地震地质灾害应急排查信息系统,承担完成单位,四川省地质环境监测总站,
四川省44县地震地质灾害应急排查信息系统,任务书编号,水[2009]03-14-01,
四川省44县地震地质灾害应急排查信息系统,起止时间,2009年1月至12月,
四川省44县地震地质灾害应急排查信息系统,工作经费,100万元人民币,
四川省44县地震地质灾害应急排查信息系统,项目目标,"系统收集""5.12""汶川地震灾区44个县的地质灾害排查、巡查工作成果",
四川省44县地震地质灾害应急排查信息系统,项目目标,应用数据库技术、GIS技术、组件技术等方法，开发地质灾害排查数据管理信息平台,
四川省44县地震地质灾害应急排查信息系统,项目目标,实现排查数据汇总、集成、管理的一体化，为灾后重建规划、避险搬迁选址和地质灾害防治提供决策支持,
四川省44县地震地质灾害应急排查信息系统,主要成果,《四川省44个严重受灾县(市、区)地质灾害应急排查成果信息系统建设报告》,
四川省44县地震地质灾害应急排查信息系统,主要成果,四川省44个严重受灾县(市、区)地质灾害应急排查地质灾害分布图集,
四川省44县地震地质灾害应急排查信息系统,主要成果,地质灾害信息综合基础数据库,
四川省44县地震地质灾害应急排查信息系统,主要成果,地质灾害信息管理系统,
四川省44县地震地质灾害应急排查信息系统,主要成果,系统需求报告,
四川省44县地震地质灾害应急排查信息系统,主要成果,概要设计报告,
四川省44县地震地质灾害应急排查信息系统,主要成果,系统详细设计报告,
四川省44县地震地质灾害应急排查信息系统,主要成果,软件测试文档,
四川省44县地震地质灾害应急排查信息系统,主要成果,系统使用手册,
四川省泸州市地质灾害调查研究报告,下达任务单位,四川省地质环境监测总站,
四川省泸州市地质灾害调查研究报告,调查对象,泸州市,
四川省泸州市地质灾害调查研究报告,调查内容,主要环境地质问题的工程地质和环境地质综合调查,
四川省泸州市地质灾害调查研究报告,报告内容,自然地质环境及社会经济活动,
四川省泸州市地质灾害调查研究报告,报告内容,地质灾害及分布特征,
四川省泸州市地质灾害调查研究报告,报告内容,地质灾害分区,
四川省泸州市地质灾害调查研究报告,报告内容,地质灾害的防治对策,
四川省泸州市地质灾害调查研究报告,报告内容,结论与建议,
四川省泸州市地质灾害调查研究报告,附图,《四川省泸州市地质灾害分布图》,
四川省县（市）地质灾害调查与区划综合研究报告,完成单位,四川省地勘局成都水文地质工程地质队,
四川省县（市）地质灾害调查与区划综合研究报告,目的,查明不同地质灾害类型的发育分布规律，重大地质灾害隐患点分布及危害程度，划定地质灾害易发区；客观分析县（市、区）地质灾害调查及群测群防体系运行的防灾减灾效果,
四川省县（市）地质灾害调查与区划综合研究报告,工作量,地质灾害调查46.90万平方千米，调查乡镇4424个、行政村48393个，各类地质灾害点27434处，拍摄照片8万余张等,
四川省县（市）地质灾害调查与区划综合研究报告,取得成果,查明了该区地形地貌、地层岩性、地质构造、水文地质条件、工程地质特征及人类工程活动等,
四川省县（市）地质灾害调查与区划综合研究报告,防治措施,建立了动态的群测群防、群专结合的监测预警网络,
四川省县（市）地质灾害调查与区划综合研究报告,防治措施,对严重威胁人民生命财产的15478处地质灾害点采取了搬迁避让、专业监测或工程治理措施,
四川省县（市）地质灾害调查与区划综合研究报告,地质灾害情况,全省共查明地质灾害灾情和险情隐患记录27434处，包括不稳定斜坡、滑坡、崩塌、泥石流、地面塌陷、地裂缝等类型,
四川省县（市）地质灾害调查与区划综合研究报告,地质灾害情况,划分四川省境内地质灾害高易发区、中易发区、低易发和不易发四个级别的地质灾害易发区,
四川省县（市）地质灾害调查与区划综合研究报告,地质灾害情况,划分四川省为重点防治区、次重点防治区和一般防治区等3个区，10个亚区,
四川省甘孜州炉霍县地质灾害详细调查成果报告,批准建设,由四川省国土资源厅以【川国土资办函】2016-80号批准建设,
四川省甘孜州炉霍县地质灾害详细调查成果报告,项目业主,四川省地政地籍事务中心,
四川省甘孜州炉霍县地质灾害详细调查成果报告,资金来源,地方财政，出资比例为100%,
四川省甘孜州炉霍县地质灾害详细调查成果报告,调查对象,滑坡、崩塌、泥石流及不稳定斜坡等地质灾害,
四川省甘孜州炉霍县地质灾害详细调查成果报告,调查手段,遥感解译、地面调查、测绘，辅以勘探、物探、试验等技术手段,
四川省甘孜州炉霍县地质灾害详细调查成果报告,目的,查明地质灾害分布特征及危害性，划定地质灾害易发区、危险区，并提出防治区划、避险搬迁安置工程区划、综合整治项目建议,
四川省甘孜州炉霍县地质灾害详细调查成果报告,地理位置,炉霍县位于甘孜藏族自治州中北部，平均海拔3860米，辖14个乡、2个镇、4个工委，171个行政村,
四川省甘孜州炉霍县地质灾害详细调查成果报告,调查成果,共调查地质灾害158处，其中泥石流103处，滑坡32处，不稳定斜坡22处，崩塌1处,
四川省甘孜州炉霍县地质灾害详细调查成果报告,现存灾害点,崩塌1处（威胁8户49人，财产170万元）、不稳定斜坡19处（威胁144户846人，财产3235万元）、滑坡29处（威胁238户2046人，财产8973万元）、泥石流94处（威胁932户5419人，财产24029万元）,
四川省甘孜州炉霍县地质灾害详细调查成果报告,目的,减轻地质灾害造成的人员伤亡及财产损失，推进社会经济可持续发展,
四川省甘孜州炉霍县地质灾害详细调查成果报告,实施措施,提出重点场镇和典型小流域综合整治项目建议，复核已实施重大地质灾害治理工程功效,
四川省万源市地质灾害调查与区划报告,完成单位,四川省地矿局成都水文地质工程地质中心,
四川省万源市地质灾害调查与区划报告,目的,查明地质灾害隐患、圈定易发区和危险区、建立地质灾害信息系统、建立监测网络，为有计划地开展地质灾害防治提供科学依据,
四川省万源市地质灾害调查与区划报告,地理位置,位于四川省东北部，辖12个镇41个乡，23个居民委员会，410个村民委员会，366个村,
四川省万源市地质灾害调查与区划报告,工作量,地质灾害调查4065km^2,
四川省万源市地质灾害调查与区划报告,调查地质灾害点,193处，其中滑坡166处、崩塌15处、泥石流沟6条、地面塌陷3处、不稳定斜坡3处,
四川省万源市地质灾害调查与区划报告,地质灾害类型,滑坡、崩塌、泥石流、地面塌陷、不稳定斜坡,
四川省万源市地质灾害调查与区划报告,成果内容,规模、分布、形成条件、诱发因素等数据采集、重要灾害点的形态特征、形成条件、影响因素和发展趋势分析、全县地质灾害的发育规律论述、地质灾害易发程度分区评价、地质灾害分布及易发图编制、不同程度易发区的分区评述,
四川省万源市地质灾害调查与区划报告,规划内容,避让、监测预报和工程治理措施为主要的地质灾害防治规划,
四川省万源市地质灾害调查与区划报告,系统建立,全县地质灾害群测群防监测系统,
四川省洪雅县地质灾害调查与区划报告,完成单位,四川省地勘局九一五地质队,
四川省洪雅县地质灾害调查与区划报告,目的,查明洪雅县域内的地质灾害隐患点的危险性和危害性，划出易发区，建立地质灾害信息系统，为地质灾害监测网络和防治规划提供依据,
四川省洪雅县地质灾害调查与区划报告,地理位置,四川盆地西南部，面积1948.43平方公里，总人口34.15万人,
四川省洪雅县地质灾害调查与区划报告,工作量,调查区面积1948.00km^2，重点调查区约500 km^2，一般调查区1200 km^2,
四川省洪雅县地质灾害调查与区划报告,调查地质灾害点,179个，其中滑坡160处、泥石流1处、地面塌陷6处、危岩体12处,
四川省洪雅县地质灾害调查与区划报告,数据整理,野外收集资料整理分类和研究,
四川省洪雅县地质灾害调查与区划报告,报告编制,《四川省洪雅县地质灾害调查与区划报告》,
四川省洪雅县地质灾害调查与区划报告,数据库建立,建立了该县地质灾害数据库和信息系统,
四川省洪雅县地质灾害调查与区划报告,分析内容,地貌、气象水文、地层岩性、地质构造及地震、人类工程经济活动、地质灾害分布特征及发育特征，对地质灾害稳定性进行了分析预测,
四川省洪雅县地质灾害调查与区划报告,防治措施,提出了重要地质灾害点的防治措施，估算了地质灾害造成的损失和危害,
四川省凉山州冕宁县地质灾害详细调查成果报告,任务由来,"受""5.12""汶川特大地震，“4.20”芦山强烈地震的影响，引发的次生地质灾害",
四川省凉山州冕宁县地质灾害详细调查成果报告,完成单位,未提及,
四川省凉山州冕宁县地质灾害详细调查成果报告,完成时间,2016年,
四川省凉山州冕宁县地质灾害详细调查成果报告,地理位置,四川省凉山州下辖县，位于四川省西南、凉山州北西部,
四川省凉山州冕宁县地质灾害详细调查成果报告,面积,4421 km^2,
四川省凉山州冕宁县地质灾害详细调查成果报告,地理坐标,东经101°38′～102°25′，北纬28°02′～29°02′,
四川省凉山州冕宁县地质灾害详细调查成果报告,邻近县市,东邻越西、喜德；南接西昌市；西与盐源、木里及甘孜州九龙县相邻；北与雅安市石棉县相连,
四川省凉山州冕宁县地质灾害详细调查成果报告,原有地质灾害点,121处进行复核，新增19处地质灾害点,
四川省凉山州冕宁县地质灾害详细调查成果报告,处理情况,对11处无威胁的灾害点进行销号处理，确定129处地质灾害点并建立了台帐,
四川省凉山州冕宁县地质灾害详细调查成果报告,主要工作,资料收集、遥感解译、地质灾害调查测绘、地形图测量和工程地质测绘、工程地质钻探、山地工程、试验、城镇、居民集中区后山斜坡调查评价,
四川省凉山州冕宁县地质灾害详细调查成果报告,勘查范围,3个重点场镇、小流域以及6个典型地质灾害点,
四川省凉山州冕宁县地质灾害详细调查成果报告,成果形式,文字报告、附图、附件等,
四川省雨城区地质灾害（补充）调查与区划报告,完成单位,四川省地矿局九0九水文工程地质队,
四川省雨城区地质灾害（补充）调查与区划报告,调查目的,补充调查全区地质灾害隐患点、易发区和重点防治区，以及对安置场址进行选址调查与评价,
四川省雨城区地质灾害（补充）调查与区划报告,调查范围,雨城区，为雅安市政治、经济、文化中心，辖19个乡镇、191个行政村,
四川省雨城区地质灾害（补充）调查与区划报告,完成工作量,补充调查127处地质灾害隐患点，新增地质灾害隐患点40处,
四川省雨城区地质灾害（补充）调查与区划报告,主要成果,查明全区地质灾害分布现状及主要类型,
四川省雨城区地质灾害（补充）调查与区划报告,主要成果,阐述各类地质灾害点的规模、分布、形成条件、诱发因素,
四川省雨城区地质灾害（补充）调查与区划报告,主要成果,对3处重要地质灾害隐患点进行评估与预测,
四川省雨城区地质灾害（补充）调查与区划报告,主要成果,划分雨城区为4个地质灾害高易发区、2个中易发区、6个不易发区,
四川省雨城区地质灾害（补充）调查与区划报告,主要成果,确定出重点防治区、次重点防治区和一般防治区,
四川省雨城区地质灾害（补充）调查与区划报告,主要成果,提出地质灾害防治建议和防治规划,
四川省雨城区地质灾害（补充）调查与区划报告,主要成果,落实地质灾害群测群防网络体系,
四川省雨城区地质灾害（补充）调查与区划报告,主要成果,确定需搬迁安置的地质灾害隐患点41处281户，对搬迁新址适宜性进行调查评价,
四川省雨城区地质灾害（补充）调查与区划报告,主要成果,编制完成《四川省雅安市雨城区地质灾害防灾避险搬迁安置工程规划报告》,
四川省梓潼县地质灾害调查与区划报告,承担单位,四川省地质环境监测总、四川省国土勘测规划研究院,
四川省梓潼县地质灾害调查与区划报告,目的任务,查明地质灾害隐患,
四川省梓潼县地质灾害调查与区划报告,目的任务,划分危险区、易发区,
四川省梓潼县地质灾害调查与区划报告,目的任务,建立地质灾害地理信息系统,
四川省梓潼县地质灾害调查与区划报告,目的任务,建立监测网络体系和预警系统,
四川省梓潼县地质灾害调查与区划报告,地理位置,梓潼县，位于四川盆地北部，属绵阳市管辖,
四川省梓潼县地质灾害调查与区划报告,调查面积, 1442.32km2,
四川省梓潼县地质灾害调查与区划报告,调查对象, 32个乡镇、水库20座、公路2条,
四川省梓潼县地质灾害调查与区划报告,发现地质灾害点, 滑坡44处、崩塌9处、不稳定斜坡25处,
四川省梓潼县地质灾害调查与区划报告,资料整理, 882份,
四川省梓潼县地质灾害调查与区划报告,主要成果,基本查明了已发地质灾害点和隐患点的分布情况、影响因素,
四川省梓潼县地质灾害调查与区划报告,主要成果,划分了地质灾害易发区,
四川省梓潼县地质灾害调查与区划报告,主要成果,对重要地质灾害点进行了危险性评估与预测,
四川省梓潼县地质灾害调查与区划报告,主要成果,提出了科学的防治建议和规划,
四川省梓潼县地质灾害调查与区划报告,滑坡, 44处（占56.4%）,
四川省梓潼县地质灾害调查与区划报告,崩塌, 9处（占11.5%）,
四川省喜德县地质灾害调查与区划报告,承担单位, 四川省地矿局成都水文地质工程地质中心,
四川省喜德县地质灾害调查与区划报告,目的任务,查明地质灾害隐患,
四川省喜德县地质灾害调查与区划报告,目的任务,圈定地质灾害易发区和危险区,
四川省喜德县地质灾害调查与区划报告,目的任务,建立地质灾害信息系统,
四川省喜德县地质灾害调查与区划报告,目的任务,为喜德县地质环境监督管理提供科学依据,
四川省喜德县地质灾害调查与区划报告,地理位置, 喜德县，位于四川省西南，凉山彝族自治州中北部,
四川省喜德县地质灾害调查与区划报告,测绘面积, 2207km2,
四川省喜德县地质灾害调查与区划报告,调查范围, 24个乡镇、170个行政村,
四川省喜德县地质灾害调查与区划报告,调查地质灾害隐患点, 210处,
四川省喜德县地质灾害调查与区划报告,调查卡片填写, 210张,
四川省喜德县地质灾害调查与区划报告,防灾预案编制, 18份,
四川省喜德县地质灾害调查与区划报告,主要成果,完成全县境内地质灾害调查，基本查明了地质灾害的多个方面,
四川省喜德县地质灾害调查与区划报告,主要成果,深入分析各类地质灾害，包括滑坡、泥石流和不稳定斜坡,
四川省喜德县地质灾害调查与区划报告,主要成果,统计近5年地质灾害情况，进行灾情预评估,
四川省喜德县地质灾害调查与区划报告,主要成果,编制《四川省喜德县地质灾害分布及易发程度分区图》,
四川省喜德县地质灾害调查与区划报告,主要成果,对重大滑坡、泥石流灾害进行危险性评价和发展趋势预测,
四川省喜德县地质灾害调查与区划报告,主要成果,编制《四川省喜德县地质灾害防治规划图》，提出防治建议,
四川省喜德县地质灾害调查与区划报告,主要成果,建立喜德县地质灾害空间数据库系统，进行数据录入,
四川省凉山彝族自治州德昌县地质灾害调查与区划报告,承担单位, 四川省地矿局成都水文地质工程地质中心,
四川省凉山彝族自治州德昌县地质灾害调查与区划报告,目的任务,查明地质灾害隐患的特征、分布和危害,
四川省凉山彝族自治州德昌县地质灾害调查与区划报告,目的任务,圈定地质灾害易发区,
四川省凉山彝族自治州德昌县地质灾害调查与区划报告,目的任务,建立防灾减灾和地质灾害预报预警系统,
四川省凉山彝族自治州德昌县地质灾害调查与区划报告,目的任务,为地方政府制定防灾减灾预案提供科学依据,
四川省凉山彝族自治州德昌县地质灾害调查与区划报告,地理位置, 德昌县，位于四川省西南部,
四川省凉山彝族自治州德昌县地质灾害调查与区划报告,测绘面积, 2284km2,
四川省凉山彝族自治州德昌县地质灾害调查与区划报告,调查地质灾害隐患点, 142处,
四川省凉山彝族自治州德昌县地质灾害调查与区划报告,主要成果,查明了地质灾害的分布及主要类型,
四川省凉山彝族自治州德昌县地质灾害调查与区划报告,主要成果,分析了地质灾害的规模、分布、形成条件和诱发因素,
四川省凉山彝族自治州德昌县地质灾害调查与区划报告,主要成果,对危害较大的地质灾害进行了深入分析，包括形态特征、形成条件、影响因素和发展趋势,
四川省凉山彝族自治州德昌县地质灾害调查与区划报告,主要成果,进行了地质灾害的经济损失现状评估和预测评估,
四川省凉山彝族自治州德昌县地质灾害调查与区划报告,主要成果,进行了地质灾害易发程度分区评价，并确定重点防治区、次重点防治区和一般防治区,
四川省凉山彝族自治州德昌县地质灾害调查与区划报告,主要成果,提出了避让、监测预报和工程治理措施为主要工作内容的地质灾害防治规划,
四川省凉山彝族自治州德昌县地质灾害调查与区划报告,主要成果,建立了全县地质灾害群测群防监测系统,
四川省宁南县地质灾害调查与区划报告,承担单位, 四川省地矿局成都水文地质工程地质中心,
四川省宁南县地质灾害调查与区划报告,目的任务,查明地质灾害隐患的特征、分布和危害,
四川省宁南县地质灾害调查与区划报告,目的任务,圈定地质灾害易发区和危险区,
四川省宁南县地质灾害调查与区划报告,目的任务,建立地质灾害信息系统,
四川省宁南县地质灾害调查与区划报告,目的任务,建立群专结合的监测网络,
四川省宁南县地质灾害调查与区划报告,目的任务,为地质灾害防治提供科学依据,
四川省宁南县地质灾害调查与区划报告,地理位置, 宁南县，位于四川省西南部,
四川省宁南县地质灾害调查与区划报告,管辖范围, 6镇19乡，124个村，819个村民小组,
四川省宁南县地质灾害调查与区划报告,地质灾害调查面积, 1678km2,
四川省宁南县地质灾害调查与区划报告,调查地质灾害点, 108处,
四川省宁南县地质灾害调查与区划报告,主要成果,在前人研究成果资料基础上进行全面调查,
四川省宁南县地质灾害调查与区划报告,主要成果,对地质灾害的类型、发育、分布、危害进行评价,
四川省宁南县地质灾害调查与区划报告,主要成果,确定地质灾害类型以滑坡、泥石流和不稳定斜坡为主,
四川省宁南县地质灾害调查与区划报告,主要成果,进行地质灾害易发程度分区，划分出高易发区、中易发区和低易发区,
四川省宁南县地质灾害调查与区划报告,主要成果,划分地质灾害防治区域，包括重点防治区、次重点防治区和一般防治区,
四川省宁南县地质灾害调查与区划报告,主要成果,针对不同成因的地质灾害隐患提出综合治理措施，如监测预警、避让搬迁、城镇规划、生物及工程治理等,
攀枝花市（三区）地质灾害调查与区划报告,承担单位, 四川省地矿局成都水文地质工程地质中心,
攀枝花市（三区）地质灾害调查与区划报告,目的任务,查明攀枝花市（三区）地质灾害隐患,
攀枝花市（三区）地质灾害调查与区划报告,目的任务,划出地质灾害易发区,
攀枝花市（三区）地质灾害调查与区划报告,目的任务,建立地质灾害信息系统，为地质灾害防治提供科学依据,
攀枝花市（三区）地质灾害调查与区划报告,地质灾害调查面积, 2003.7km2,
攀枝花市（三区）地质灾害调查与区划报告,调查地质灾害点, 195处,
攀枝花市（三区）地质灾害调查与区划报告,主要成果,基本查明了区内地质灾害类型主要为滑坡、泥石流灾害,
攀枝花市（三区）地质灾害调查与区划报告,主要成果,阐述了地质灾害的规模、分布、形成条件、诱发因素,
攀枝花市（三区）地质灾害调查与区划报告,主要成果,对危害大的滑坡、泥石流进行研究，分析评价其稳定性,
攀枝花市（三区）地质灾害调查与区划报告,主要成果,对全市76处地质灾害隐患点进行了灾情预评估,
攀枝花市（三区）地质灾害调查与区划报告,主要成果,编制了《四川省攀枝花市地质灾害分布及易发图》，区分高易发区、中易发区和低易发区,
攀枝花市（三区）地质灾害调查与区划报告,主要成果,编制了《四川省攀枝花市地质灾害防治规划图》，确定重点防治区、次重点防治区、一般防治区和重点防治段,
攀枝花市（三区）地质灾害调查与区划报告,主要成果,提出了地质灾害防治预案,
四川省美姑县地质灾害调查与区划报告,承担单位, 四川省地矿局成都水文地质工程地质中心,
四川省美姑县地质灾害调查与区划报告,目的任务,查明美姑县的地质灾害隐患,
四川省美姑县地质灾害调查与区划报告,目的任务,划出地质灾害易发区,
四川省美姑县地质灾害调查与区划报告,目的任务,建立地质灾害信息系统,
四川省美姑县地质灾害调查与区划报告,目的任务,完善群专结合的监测网络,
四川省美姑县地质灾害调查与区划报告,目的任务,开展地质灾害调查与区划,
四川省美姑县地质灾害调查与区划报告,调查测量面积, 2731.7km2,
四川省美姑县地质灾害调查与区划报告,调查乡镇, 36个,
四川省美姑县地质灾害调查与区划报告,行政村, 288个,
四川省美姑县地质灾害调查与区划报告,填写调查卡片, 141个,
四川省美姑县地质灾害调查与区划报告,编制防灾预案, 12个,
四川省美姑县地质灾害调查与区划报告,主要成果,基本查明地质灾害类型主要为滑坡、泥石流灾害,
四川省美姑县地质灾害调查与区划报告,主要成果,对地质灾害的规模、分布、形成条件、诱发因素进行现场数据采集,
四川省美姑县地质灾害调查与区划报告,主要成果,对主要地质灾害进行深入的分析研究，包括形体特征、形成条件、影响因素,
四川省美姑县地质灾害调查与区划报告,主要成果,统计近5年发生的地质灾害灾情，对地质灾害隐患点进行预评估,
四川省美姑县地质灾害调查与区划报告,主要成果,编制了《四川省美姑县地质灾害分布及易发图》，划分高易发区、中易发区和低易发区,
四川省美姑县地质灾害调查与区划报告,主要成果,确定重点防治区、次重点防治区、一般防治区以及重点防治段,
四川省美姑县地质灾害调查与区划报告,主要成果,建立了美姑县地质灾害空间数据库系统，并进行了数据录入,
四川省2015年绵阳市平武县地质灾害详细调查报告,承担单位, 四川省地质调查院,
四川省2015年绵阳市平武县地质灾害详细调查报告,调查范围, 平武县,
四川省2015年绵阳市平武县地质灾害详细调查报告,调查内容,收集、整理、分析基础地质、地质灾害、社会经济、规划等资料,
四川省2015年绵阳市平武县地质灾害详细调查报告,调查内容,进行遥感调查，制作遥感影像图并进行地质灾害解译,
四川省2015年绵阳市平武县地质灾害详细调查报告,调查内容,查明地质灾害发育的环境条件，完成地质环境点747处,
四川省2015年绵阳市平武县地质灾害详细调查报告,调查内容,查明地质灾害隐患，核查已有地质灾害点，新增地质灾害隐患点,
四川省2015年绵阳市平武县地质灾害详细调查报告,调查内容,完成地质灾害综合调查和治理工程复核,
四川省2015年绵阳市平武县地质灾害详细调查报告,调查内容,分析地质灾害形成条件、影响因素，研究典型地质灾害点成灾机理,
四川省2015年绵阳市平武县地质灾害详细调查报告,调查内容,进行地质灾害易发程度评价、危险性评价,
四川省2015年绵阳市平武县地质灾害详细调查报告,调查内容,划分防治区划，确定重点防治区和重点防治地质灾害点,
四川省2015年绵阳市平武县地质灾害详细调查报告,调查内容,更新、完善地质环境管理信息系统,
四川省2015年绵阳市平武县地质灾害详细调查报告,调查内容,进行地质灾害防灾知识培训和汛期值班工作,
四川省2015年甘孜州石渠县地质灾害详细调查报告(一二册),承担单位, 四川省地政地籍事务中心,
四川省2015年甘孜州石渠县地质灾害详细调查报告(一二册),调查范围, 石渠县，面积约为25191km2,
四川省2015年甘孜州石渠县地质灾害详细调查报告(一二册),地理位置, 北纬32°19′～34°20′，东经97°20′～99°16′,
四川省2015年甘孜州石渠县地质灾害详细调查报告(一二册),地势和地貌, 西北高东南低，平均海拔4200m，主要为侵蚀高原中山地貌,
四川省2015年甘孜州石渠县地质灾害详细调查报告(一二册),地层岩性, 以三叠系的板岩和砂岩为主,
四川省2015年甘孜州石渠县地质灾害详细调查报告(一二册),调查方法,资料收集,
四川省2015年甘孜州石渠县地质灾害详细调查报告(一二册),调查方法,遥感解译：完成1:5万解译面积25191km2，1:1万77km2,
四川省2015年甘孜州石渠县地质灾害详细调查报告(一二册),调查方法,地面调查：完成地质环境点1577个,
四川省2015年甘孜州石渠县地质灾害详细调查报告(一二册),调查方法,钻探：540m,
四川省2015年甘孜州石渠县地质灾害详细调查报告(一二册),调查方法,物探：3560m,
四川省2015年甘孜州石渠县地质灾害详细调查报告(一二册),调查方法,井探：157.8m,
四川省2015年甘孜州石渠县地质灾害详细调查报告(一二册),调查方法,地形测量、室内测试等多种手段,
四川省2015年甘孜州石渠县地质灾害详细调查报告(一二册),原有灾害点复核,65处,
四川省2015年甘孜州石渠县地质灾害详细调查报告(一二册),新增灾害点调查,120处,
四川省2015年甘孜州石渠县地质灾害详细调查报告(一二册),地质灾害治理工程有效性复核,9处,
四川省2015年甘孜州石渠县地质灾害详细调查报告(一二册),地质灾害隐患点避险搬迁安置选址调查,22处,
四川省2015年甘孜州石渠县地质灾害详细调查报告(一二册),重点场镇调查测绘,尼呷镇、洛须镇、阿日扎乡、温波乡和虾扎乡等5个场镇,
四川省2015年甘孜州石渠县地质灾害详细调查报告(一二册),小流域调查和分析,嘎兴沟、亚曲河2条典型小流域,
四川省2015年甘孜州石渠县地质灾害详细调查报告(一二册),典型灾害点勘查,娘苦泥石流、百玛山滑坡、扎龙沟泥石流、贡来玛沟滑坡、觉悟寺滑坡、洞呷寺滑坡、独庆沟泥石流等7处灾害点,
四川省2015年甘孜州石渠县地质灾害详细调查报告(一二册),信息系统建设,1:5万地质灾害详细调查信息系统,
四川省2015年甘孜州石渠县地质灾害详细调查报告(一二册),分区与评价,地质灾害易发性分区与危险性评价、地质灾害易发分区,
四川省2015年甘孜州石渠县地质灾害详细调查报告(一二册),规划编制,避险搬迁规划和防治规划各1套,
四川省阿坝州黑水县地质灾害详细调查成果报告,承担单位, 四川省地政地籍事务中心,
四川省阿坝州黑水县地质灾害详细调查成果报告,调查范围, 黑水县，面积约为4154km2,
四川省阿坝州黑水县地质灾害详细调查成果报告,地理位置, 跨北纬30°53′50″～32°38′30″，东经102°36′15″～103°30′00″,
四川省阿坝州黑水县地质灾害详细调查成果报告,地势和地貌, 西北高东南低，平均海拔2350m，主要为构造侵蚀高山地貌、构造侵蚀高中山地貌以及侵蚀深切割河谷地貌,
四川省阿坝州黑水县地质灾害详细调查成果报告,地层岩性, 以三叠系的砂岩、千枚岩和砂岩为主,
四川省阿坝州黑水县地质灾害详细调查成果报告,调查方法,资料收集,
四川省阿坝州黑水县地质灾害详细调查成果报告,遥感解译,完成1:5万解译面积4154km2，1:1万80km2,
四川省阿坝州黑水县地质灾害详细调查成果报告,地面调查,完成地质环境点406个,
四川省阿坝州黑水县地质灾害详细调查成果报告,钻探,401m,
四川省阿坝州黑水县地质灾害详细调查成果报告,物探,1100m,
四川省阿坝州黑水县地质灾害详细调查成果报告,井探,105m,
四川省阿坝州黑水县地质灾害详细调查成果报告,调查方法,地形测量、室内测试等多种手段,
四川省阿坝州黑水县地质灾害详细调查成果报告,原有灾害点复核,306处,
四川省阿坝州黑水县地质灾害详细调查成果报告,新增灾害点调查,9处,
四川省阿坝州黑水县地质灾害详细调查成果报告,地质灾害治理工程有效性复核,117处,
四川省阿坝州黑水县地质灾害详细调查成果报告,地质灾害隐患点避险搬迁安置选址调查,7处,
四川省阿坝州黑水县地质灾害详细调查成果报告,重点场镇调查测绘,芦花镇、木苏乡、晴朗乡等8个场镇,
四川省阿坝州黑水县地质灾害详细调查成果报告,小流域调查和分析,龙坝沟、德石窝沟2条典型小流域,
四川省阿坝州黑水县地质灾害详细调查成果报告,典型灾害点勘查,色尔古镇五里村五里干河坝泥石流、色尔古镇色尔古村转运站崩塌和木苏乡罗窝村俄窝组滑坡等3处灾害点,
四川省阿坝州黑水县地质灾害详细调查成果报告,信息系统建设,1:5万地质灾害详细调查信息系统,
四川省阿坝州黑水县地质灾害详细调查成果报告,分区与评价,地质灾害易发性分区与危险性评价、地质灾害易发分区,
四川省阿坝州黑水县地质灾害详细调查成果报告,规划编制,避险搬迁规划和防治规划各1套,
四川省地质遗迹调查与区划及示范研究项目四川省地质遗迹资源与保护规划建议报告,项目内容,对四川省的基础地质、矿产地质、水文地质、旅游地质、灾害地质等资料进行收集、分析和总结，查明了四川省地质遗迹资源情况,
四川省地质遗迹调查与区划及示范研究项目四川省地质遗迹资源与保护规划建议报告,划分区域,将四川省地质遗迹划分为四个地质遗迹大区和多个地质遗迹分区,
四川省地质遗迹调查与区划及示范研究项目四川省地质遗迹资源与保护规划建议报告,地质遗迹种类,包括重要地层剖面遗迹、侵入岩剖面遗迹、变质岩剖面遗迹、火山岩剖面遗迹、不整合面剖面、褶皱与变形剖面、化石产地、岩矿石产地、地质灾害地质遗迹等,
四川省地质遗迹调查与区划及示范研究项目四川省地质遗迹资源与保护规划建议报告,发现数量,共发现103处重要地层剖面遗迹、11处侵入岩剖面遗迹、27处重要化石产地、22处重要岩矿石产地、28处地质灾害地质遗迹,
四川省地质遗迹调查与区划及示范研究项目四川省地质遗迹资源与保护规划建议报告,特殊地质遗迹,发现汶川地震遗迹、古地震遗迹等,
四川省地质遗迹调查与区划及示范研究项目四川省地质遗迹资源与保护规划建议报告,首次开展,在四川乃至全国首次对这些基础地质现象进行地质遗迹角度的调查、研究、鉴评,
四川省沐川县1/5万地质灾害详细调查报告,项目目的,认证贯彻落实中央和省委、省政府领导的重要批示精神，进一步切实做好地质灾害防治工作,
四川省沐川县1/5万地质灾害详细调查报告,调查依据,根据我省地质灾害综合防治体系建设总体方案和相关技术规范,
四川省沐川县1/5万地质灾害详细调查报告,调查范围,涵盖“三州”地区、川南和川北盆周山区彭州、古蔺、九寨沟、石渠、金岩、沐川等35县,
四川省沐川县1/5万地质灾害详细调查报告,调查内容,通过1:5万全县域专项测绘、1:1万重点场镇专项测绘、1:1万小流域专项测绘、钻探、测量、遥感、物探、取样等工作手段完成地质灾害详细调查工作,
四川省沐川县1/5万地质灾害详细调查报告,发现情况,沐川县境内现发育有地质灾害隐患点146处，包括滑坡、崩塌、泥石流、潜在不稳定斜坡等,
四川省沐川县1/5万地质灾害详细调查报告,经济影响,146处地质灾害隐患点尚威胁着财产43743万元，威胁和影响人数达19749人,
四川省沐川县1/5万地质灾害详细调查报告,分区划分,沐川县被划分为危险性高（I）、危险性中（III）、危险性低（III）三个大区,
四川省沐川县1/5万地质灾害详细调查报告,安置点,全县地质灾害隐患点集中安置点共2处，解决了248户1095人的灾民安置问题,
四川省沐川县1/5万地质灾害详细调查报告,数据库建立,建立了沐川县县地质灾害数据库，反映了滑坡、崩塌、泥石流、不稳定斜坡等灾种的主要特征指标,
四川省凉山州宁南县地质灾害详细调查成果报告,项目来源,2016年，由四川省地政地籍事务中心公开招标，四川省冶金地质勘查局水文队承担,
四川省凉山州宁南县地质灾害详细调查成果报告,实物工作量,1:50000地质灾害遥感解译面积：1667平方公里,
四川省凉山州宁南县地质灾害详细调查成果报告,实物工作量,1:10000地质灾害遥感解译面积：112.76平方公里,
四川省凉山州宁南县地质灾害详细调查成果报告,实物工作量,地质调查测绘面积：正测250.05平方公里、简测816.85平方公里、草测600.1平方公里,
四川省凉山州宁南县地质灾害详细调查成果报告,调查内容,地质环境点：424处,
四川省凉山州宁南县地质灾害详细调查成果报告,调查内容,地质灾害点：394处,
四川省凉山州宁南县地质灾害详细调查成果报告,调查内容,治理工程点复核：17处,
四川省凉山州宁南县地质灾害详细调查成果报告,调查内容,典型点勘查：4处,
四川省凉山州宁南县地质灾害详细调查成果报告,培训工作,集中培训场次：3次,
四川省凉山州宁南县地质灾害详细调查成果报告,培训工作,分散培训场次：394次,
四川省凉山州宁南县地质灾害详细调查成果报告,培训工作,培训对象：村乡镇村干部、学校师生、监测人员共665人,
四川省凉山州宁南县地质灾害详细调查成果报告,系统建立,宁南县1:50000地质灾害详查信息系统,
四川省凉山州宁南县地质灾害详细调查成果报告,系统建立,四川省地质灾害易发区群众防灾避险搬迁安置工程调查与区划空间信息系统,
四川省凉山州宁南县地质灾害详细调查成果报告,取得成果,全面了解地质灾害情况，指导基层防灾措施。,
四川省凉山州宁南县地质灾害详细调查成果报告,取得成果,提出针对性防治措施：群测群防、搬迁避让安置、工程治理、典型小流域和重点场镇整治、排危除险等。,
四川省邛崃市地质灾害调查与区划成果报告,项目来源,由四川省地质环境监测总站完成,
四川省邛崃市地质灾害调查与区划成果报告,目的,查明邛崃市存在的地质灾害和地质灾害隐患，划分地质灾害易发区、危险点，建立地质灾害地理信息系统，为有计划地开展地质灾害防治工作提供科学依据,
四川省邛崃市地质灾害调查与区划成果报告,地理位置,邛崃市位于四川成都市西南部，辖18镇、15乡、485个村、21个居委会,
四川省邛崃市地质灾害调查与区划成果报告,完成工作量,地质灾害调查面积：1377.38平方公里,
四川省邛崃市地质灾害调查与区划成果报告,完成工作量,调查主干线：13条,
四川省邛崃市地质灾害调查与区划成果报告,完成工作量,调查路线：1852公里,
四川省邛崃市地质灾害调查与区划成果报告,完成工作量,地质灾害点及隐患点：70处,
四川省邛崃市地质灾害调查与区划成果报告,主要成果,综合分析了邛崃市地质灾害分布发育特征,
四川省邛崃市地质灾害调查与区划成果报告,主要成果,对滑坡、不稳定斜坡等地质灾害的发育特征、形成条件、影响因素及分布规律进行了科学合理的分析,
四川省邛崃市地质灾害调查与区划成果报告,主要成果,进行了地质灾害危险性预测评价,
四川省邛崃市地质灾害调查与区划成果报告,主要成果,划分出高易发区、中易发区、低易发区和不易发区,
四川省邛崃市地质灾害调查与区划成果报告,主要成果,对地质灾害现状评估和预测评估，划定了重点防治区、次重点防治区、一般防治区,
四川省邛崃市地质灾害调查与区划成果报告,主要成果,提出了近、中、远期防治规划，以利于区内经济建设的全面发展,
四川省泸州市纳溪区地质灾害调查与区划成果报告,项目来源,由四川省地质环境监测总站完成,
四川省泸州市纳溪区地质灾害调查与区划成果报告,目的,开展纳溪区地质灾害调查与区划工作，查明地质灾害隐患点，划分地质灾害易发区，为制定地质灾害防治规划和预警方案提供科学依据,
四川省泸州市纳溪区地质灾害调查与区划成果报告,地理位置,纳溪区位于四川盆地南缘的泸州市南部，辖12个镇，1个办事处和238个行政村,
四川省泸州市纳溪区地质灾害调查与区划成果报告,完成工作量,地质灾害调查面积：1150.60平方公里,
四川省泸州市纳溪区地质灾害调查与区划成果报告,完成工作量,调查地质灾害点数：61处，其中滑坡46处，潜在不稳定斜坡15处,
四川省泸州市纳溪区地质灾害调查与区划成果报告,主要成果,在分析自然地理和地质环境条件基础上，系统阐述了区内情况,
四川省泸州市纳溪区地质灾害调查与区划成果报告,主要成果,分析了地质灾害的发育分布规律、形成条件及影响因素,
四川省泸州市纳溪区地质灾害调查与区划成果报告,主要成果,对重要地质灾害点进行了危险性初步分析与预测,
四川省泸州市纳溪区地质灾害调查与区划成果报告,主要成果,采用半定量方法，进行了地质灾害易发分区和防治区划分,
四川省泸州市纳溪区地质灾害调查与区划成果报告,主要成果,提出了地质灾害防治分期计划建议，为地质灾害防治管理提供依据,
四川省2015年凉山州美姑县地质灾害详细调查成果报告,承担单位,四川省地质调查院,
四川省2015年凉山州美姑县地质灾害详细调查成果报告,地理位置,美姑县位于四川省西南部，凉山州东北部，地理坐标为东经102°53′～103°21′，北纬28°02′～28°54′，面积为2573km²,
四川省2015年凉山州美姑县地质灾害详细调查成果报告,调查手段,采用遥感解译、地面调查、钻探、物探、探井、地形测量、室内测试等多种手段,
四川省2015年凉山州美姑县地质灾害详细调查成果报告,完成工作量,1:1万重点调查区面积：40km²,
四川省2015年凉山州美姑县地质灾害详细调查成果报告,完成工作量,1:5万重点调查区面积：490.5km²,
四川省2015年凉山州美姑县地质灾害详细调查成果报告,完成工作量,1:5万一般调查区面积：1246.17km²,
四川省2015年凉山州美姑县地质灾害详细调查成果报告,完成工作量,1:5万概查区面积：836.33km²,
四川省2015年凉山州美姑县地质灾害详细调查成果报告,完成工作量,调查地质环境点数：715处,
四川省2015年凉山州美姑县地质灾害详细调查成果报告,完成工作量,全域地质灾害隐患点数：208处，其中滑坡137处、崩塌5处、泥石流66处，共威胁区内2784户12065人,
四川省2015年凉山州美姑县地质灾害详细调查成果报告,工程测绘和测试,1:2000地形图测量0.86km²、1:2000工程地质测绘1.76km²、工程地质剖面测绘30.87km、物探50点、浅井102m、钻探511m、岩土水测试38件,
四川省2015年凉山州美姑县地质灾害详细调查成果报告,其他调查工作,对重点场镇和小流域进行综合调查，对33处重大地质灾害点展开工作，对已实施的9处地质灾害治理和应急排危工程进行复核,
四川省2015年凉山州美姑县地质灾害详细调查成果报告,评审结果,项目成果通过专家评审，评分为85.8分,
四川省邻水县地质灾害调查与区划成果报告,承担单位,四川省地质环境监测总站,
四川省邻水县地质灾害调查与区划成果报告,地理位置,邻水县隶属四川省广安市，辖45乡（镇），525个村（居委会），4586个村民小组，完成工作量为1919.22km²,
四川省邻水县地质灾害调查与区划成果报告,调查任务,对全县地质灾害进行调查研究，包括地质灾害的分布状况、发育规律，划定地质灾害易发区和防治规划区，为地质灾害防治管理提供科学依据,
四川省邻水县地质灾害调查与区划成果报告,完成工作量,地质灾害调查1919.22km²，调查各类隐患点119处，其中滑坡54处，崩塌1处，地裂缝3处，地下水漏失21处，水土流失1处，不稳定斜坡39处,
四川省邻水县地质灾害调查与区划成果报告,主要成果,根据自然地理和地质环境条件，分析地质灾害的发育分布规律、形成条件及影响因素，并对重要的地质灾害点进行了危险性初步分析与预测。采用模糊数学评价法，对全县进行了地质灾害易发程度分区评价，划分出地质灾害高易发区、中易发区、低易发区。结合人类工程活动特点，划定了地质灾害重点防治区、次重点防治区及一般防治区。提出了近、中、远期防治规划建议，为地质灾害防治管理提供了可靠的依据。,
四川省达州市万源市地质灾害（补充）调查与区划报告,承担单位,四川省地矿局成都水文地质工程地质中心,
四川省达州市万源市地质灾害（补充）调查与区划报告,目的,核实万源市地质灾害易发分区、重点防治区和防治重点，完善监测网络，为地方政府制定地质灾害防治规划提供科学依据,
四川省达州市万源市地质灾害（补充）调查与区划报告,地理位置,万源市位于四川达州市北部，市辖52个乡镇，373个行政村，2480个社,
四川省达州市万源市地质灾害（补充）调查与区划报告,完成工作量,地质灾害调查4065km²，调查地质灾害点68处，其中滑坡58处，崩塌7处，地面塌陷1处，不稳定斜坡2处,
四川省达州市万源市地质灾害（补充）调查与区划报告,主要成果,万源市地质灾害以滑坡和崩塌为主，也有泥石流和地面塌陷等地质灾害发育。根据调查结果，重新划分地质灾害易发区为高易发区5个，中易发区3个，低易发区3个。对地质灾害基本特征、危险性统计、灾情和险情评估、防治工作现状进行系统阐述，为地质灾害防治分区、重点防治区、防治重点、避险搬迁、治理工程建议、群测群防点确定提供基础。,
“4.20”芦山强烈地震灾区乐山市金口河区1/5万地质灾害详细调查报告,承担单位,四川省地政地籍事务中心,
“4.20”芦山强烈地震灾区乐山市金口河区1/5万地质灾害详细调查报告,资金来源,四川省财政出资,
“4.20”芦山强烈地震灾区乐山市金口河区1/5万地质灾害详细调查报告,地理位置,金口河区位于四川省的西南部，地处乐山市、雅安市、眉山市、凉山彝族自治州交界处,
“4.20”芦山强烈地震灾区乐山市金口河区1/5万地质灾害详细调查报告,地质特征,中高山峡谷地带，地势呈西南高，东北低的趋势，受区域构造控制及河流影响,
“4.20”芦山强烈地震灾区乐山市金口河区1/5万地质灾害详细调查报告,主要工作量,1：5万地质灾害遥感解译调查598km²,
“4.20”芦山强烈地震灾区乐山市金口河区1/5万地质灾害详细调查报告,主要工作量,1：1万地质灾害遥感解译调查55.7km²,
“4.20”芦山强烈地震灾区乐山市金口河区1/5万地质灾害详细调查报告,主要工作量,1：5万地质灾害测绘（正测）55.7km²,
“4.20”芦山强烈地震灾区乐山市金口河区1/5万地质灾害详细调查报告,主要工作量,1：5万地质灾害测量（草测）543.7km²,
“4.20”芦山强烈地震灾区乐山市金口河区1/5万地质灾害详细调查报告,主要工作量,1：1万地质灾害测量55.7km²,
“4.20”芦山强烈地震灾区乐山市金口河区1/5万地质灾害详细调查报告,主要工作量,1：2000地质剖面测量2.0km,
“4.20”芦山强烈地震灾区乐山市金口河区1/5万地质灾害详细调查报告,主要工作量,工程地质钻探221.2m,
“4.20”芦山强烈地震灾区乐山市金口河区1/5万地质灾害详细调查报告,调查结果,地质灾害隐患点97处，包括崩塌、滑坡、泥石流沟、不稳定斜坡等类型,
“4.20”芦山强烈地震灾区乐山市金口河区1/5万地质灾害详细调查报告,调查结果,区内地质灾害特征、分布规律和影响因素的基本了解,
“4.20”芦山强烈地震灾区乐山市金口河区1/5万地质灾害详细调查报告,调查结果,进行了地质灾害易发性和危险性区划,
“4.20”芦山强烈地震灾区乐山市金口河区1/5万地质灾害详细调查报告,调查结果,对岸坡进行稳定性评价,
“4.20”芦山强烈地震灾区乐山市金口河区1/5万地质灾害详细调查报告,调查结果,进行了地质灾害防治分区评价,
“4.20”芦山强烈地震灾区乐山市金口河区1/5万地质灾害详细调查报告,调查结果,完善了地质灾害防灾预案和群测群防体系,
“4.20”芦山强烈地震灾区乐山市金口河区1/5万地质灾害详细调查报告,调查结果,建立了地质灾害信息系统,
“4.20”芦山强烈地震灾区乐山市金口河区1/5万地质灾害详细调查报告,审查评分,78.7分，质量等级良好,
“4.20”芦山强烈地震灾区乐山市金口河区1/5万地质灾害详细调查报告,合同编号,F-DZ-230(2014),
四川省2016年地质灾害详细调查项目凉山州德昌县地质灾害详细调查报告,地理位置,德昌县位于四川省西南部，与普格县、会理、米易县、盐源县、北连德昌县、东南隅宁南县接壤,
四川省2016年地质灾害详细调查项目凉山州德昌县地质灾害详细调查报告,项目承担单位,江西省勘察设计研究院,
四川省2016年地质灾害详细调查项目凉山州德昌县地质灾害详细调查报告,项目时间,2016年5月16日至2016年10月28日,
四川省2016年地质灾害详细调查项目凉山州德昌县地质灾害详细调查报告,实物工作量,不同比例范围内的详细调查面积及测量数据,
四川省2016年地质灾害详细调查项目凉山州德昌县地质灾害详细调查报告,实物工作量,地质灾害点调查数量和类型统计,
四川省2016年地质灾害详细调查项目凉山州德昌县地质灾害详细调查报告,实物工作量,工程钻探、浅井、样品采集等工作内容,
四川省2016年地质灾害详细调查项目凉山州德昌县地质灾害详细调查报告,地质灾害点统计数据,累计确认灾害点361处，目前发育305处地质灾害点,
四川省2016年地质灾害详细调查项目凉山州德昌县地质灾害详细调查报告,地质灾害点统计数据,不同类型地质灾害分布情况：滑坡、泥石流、不稳定斜坡,
四川省2016年地质灾害详细调查项目凉山州德昌县地质灾害详细调查报告,地质灾害点统计数据,不同规模地质灾害分布情况：大型、中型、小型,
四川省2016年地质灾害详细调查项目凉山州德昌县地质灾害详细调查报告,地质灾害点统计数据,地质灾害造成的人员伤亡和经济损失统计,
四川省遂宁市蓬溪县地质灾害补充调查与区划报告,提交单位,四川省地矿局广汉地质工程勘察院,
四川省遂宁市蓬溪县地质灾害补充调查与区划报告,工作目的,核实蓬溪县地质灾害易发分区、重点防治区和防治重点,
四川省遂宁市蓬溪县地质灾害补充调查与区划报告,工作目的,提供科学依据，支持地方政府进行地质环境监督管理,
四川省遂宁市蓬溪县地质灾害补充调查与区划报告,地理位置,蓬溪县位于四川盆地中部偏东，遂宁市北东部，涪江中游,
四川省遂宁市蓬溪县地质灾害补充调查与区划报告,完成的工作量,野外调查范围：全县32个乡镇，495个行政村，1251平方公里,
四川省遂宁市蓬溪县地质灾害补充调查与区划报告,完成的工作量,原调查区划工作已知地质灾害隐患点110处,
四川省遂宁市蓬溪县地质灾害补充调查与区划报告,完成的工作量,补充调查新增地质灾害隐患点34处,
四川省遂宁市蓬溪县地质灾害补充调查与区划报告,取得的成果,全县目前共计分布有灾害点130处,
四川省遂宁市蓬溪县地质灾害补充调查与区划报告,取得的成果,不同类型地质灾害分布情况：滑坡68处，崩塌(危岩)56处，不稳定斜坡6处,
四川省遂宁市蓬溪县地质灾害补充调查与区划报告,取得的成果,建立群测群防网点122处，编制新增地质灾害危险点防御预案34份,
四川省遂宁市蓬溪县地质灾害补充调查与区划报告,取得的成果,对区内危害严重的地质灾害隐患点进行了详细调查并提出防治方案建议,
四川省遂宁市蓬溪县地质灾害补充调查与区划报告,取得的成果,进行了避险搬迁调查区划，选出适宜的搬迁安置选址点19处，调查避险搬迁安置户123户,
四川省乐山市马边彝族自治县地质灾害调查与区划报告,完成单位,四川省地矿局成都水文地质工程地质中心,
四川省乐山市马边彝族自治县地质灾害调查与区划报告,工作目的,查明马边彝族自治县地质灾害隐患点发育分布情况,
四川省乐山市马边彝族自治县地质灾害调查与区划报告,工作目的,划分地质灾害易发程度分区，确定重点防治区和防治重点,
四川省乐山市马边彝族自治县地质灾害调查与区划报告,工作目的,协助制定地质灾害防治规划,
四川省乐山市马边彝族自治县地质灾害调查与区划报告,地理位置,马边彝族自治县位于四川南部，辖20个乡镇、203个行政村,
四川省乐山市马边彝族自治县地质灾害调查与区划报告,完成的工作量,地质灾害调查范围：2383.24平方公里,
四川省乐山市马边彝族自治县地质灾害调查与区划报告,完成的工作量,调查地质灾害点：110处，其中滑坡91处，崩塌12处，泥石流5处，不稳定斜坡2处,
四川省乐山市马边彝族自治县地质灾害调查与区划报告,取得的主要成果,全县地质灾害分布现状及主要类型的调查结果,
四川省乐山市马边彝族自治县地质灾害调查与区划报告,取得的主要成果,对地质灾害点的规模、分布、形成条件、诱发因素进行了分析评价,
四川省乐山市马边彝族自治县地质灾害调查与区划报告,取得的主要成果,阐述地质环境条件和地质灾害的时空发育分布规律,
四川省乐山市马边彝族自治县地质灾害调查与区划报告,取得的主要成果,对5处重要地质灾害隐患点进行了初步评估与预测,
四川省乐山市马边彝族自治县地质灾害调查与区划报告,取得的主要成果,在地质环境条件和主控因素基础上，对地质灾害易发程度进行了分区评价,
四川省乐山市马边彝族自治县地质灾害调查与区划报告,取得的主要成果,确定重点防治区和一般防治区，提出合理的防治建议和规划,
四川省乐山市马边彝族自治县地质灾害调查与区划报告,取得的主要成果,建立了地质灾害空间数据库系统,
四川省2016年凉山州会理县地质灾害详细调查成果报告一二三册,调查区域, 会理县，四川省凉山彝族自治州,
四川省2016年凉山州会理县地质灾害详细调查成果报告一二三册,调查目的, 实施地震灾后恢复重建省级规划的地质灾害防治工作,
四川省2016年凉山州会理县地质灾害详细调查成果报告一二三册,调查内容,调查区域面积: 4527平方公里,
四川省2016年凉山州会理县地质灾害详细调查成果报告一二三册,调查内容,使用的手段: 资料收集、遥感解译、地面调查、钻探、物探、探井（槽）、地形测量、室内测试等,
四川省2016年凉山州会理县地质灾害详细调查成果报告一二三册,调查内容,调查结果包括不同比例尺下的地质灾害点、地质环境点等信息,
四川省2016年凉山州会理县地质灾害详细调查成果报告一二三册,实施步骤,完成调查区域面积的分布和遥感解译,
四川省2016年凉山州会理县地质灾害详细调查成果报告一二三册,实施步骤,测量地形图和工程地质测绘,
四川省2016年凉山州会理县地质灾害详细调查成果报告一二三册,实施步骤,完成地质灾害隐患点复核和新增隐患点调查,
四川省2016年凉山州会理县地质灾害详细调查成果报告一二三册,实施步骤,建立或完善防灾预案、防灾明白卡和避险明白卡,
四川省2016年凉山州会理县地质灾害详细调查成果报告一二三册,实施步骤,建立地质灾害详细调查信息系统和易发区群众防灾避险搬迁安置工程调查与区划空间信息系统,
四川省2016年凉山州会理县地质灾害详细调查成果报告一二三册,达成目标,有效服务基层防灾减灾工作,
四川省2016年凉山州会理县地质灾害详细调查成果报告一二三册,达成目标,减轻地质灾害对人员伤亡及财产损失的影响,
四川省2016年凉山州会理县地质灾害详细调查成果报告一二三册,达成目标,促进社会经济可持续发展,
四川省康定县地质灾害调查与区划成果报告,完成单位,四川省地质环境监测总站,
四川省康定县地质灾害调查与区划成果报告,调查目的,查明地质灾害隐患,
四川省康定县地质灾害调查与区划成果报告,调查目的,划分地质灾害易发区,
四川省康定县地质灾害调查与区划成果报告,调查目的,建立地质灾害信息系统,
四川省康定县地质灾害调查与区划成果报告,调查目的,协助编制地质灾害防治规划,
四川省康定县地质灾害调查与区划成果报告,地理位置, 康定县，甘孜州东部,
四川省康定县地质灾害调查与区划成果报告,行政范围, 三镇十九乡235个行政村,
四川省康定县地质灾害调查与区划成果报告,完成工作量,地质灾害调查面积: 11422.75平方公里,
四川省康定县地质灾害调查与区划成果报告,完成工作量,调查地质灾害点: 107处 (滑坡41个、泥石流42处、不稳定斜坡24处),
四川省康定县地质灾害调查与区划成果报告,主要成果,分析自然地理和地质环境条件,
四川省康定县地质灾害调查与区划成果报告,主要成果,分析地质灾害的发育分布规律、形成条件及影响因素,
四川省康定县地质灾害调查与区划成果报告,主要成果,统计分析地质灾害造成的经济损失和潜在经济损失,
四川省康定县地质灾害调查与区划成果报告,主要成果,进行地质灾害点危险性初步分析与预测,
四川省康定县地质灾害调查与区划成果报告,主要成果,划分地质灾害易发分区和地质灾害防治区,
四川省康定县地质灾害调查与区划成果报告,主要成果,提出地质灾害防治建议,
四川省康定县地质灾害调查与区划成果报告,作用,为地质灾害防治管理提供依据,
四川省康定县地质灾害调查与区划成果报告,作用,协助地方政府规划地质灾害防治措施,
四川省石棉县地质灾害调查与区划成果报告,完成单位, 四川省地质环境监测总站,
四川省石棉县地质灾害调查与区划成果报告,调查目的,查明地质灾害隐患,
四川省石棉县地质灾害调查与区划成果报告,调查目的,划分地质灾害危险区、易发区,
四川省石棉县地质灾害调查与区划成果报告,调查目的,建立地质灾害信息系统,
四川省石棉县地质灾害调查与区划成果报告,调查目的,提供科学依据开展地质灾害防治,
四川省石棉县地质灾害调查与区划成果报告,地理位置, 石棉县，雅安地区西南部,
四川省石棉县地质灾害调查与区划成果报告,行政范围, 1镇16乡，96村，528社，3居委会,
四川省石棉县地质灾害调查与区划成果报告,完成工作量,地质灾害调查面积: 2678.2平方公里,
四川省石棉县地质灾害调查与区划成果报告,完成工作量,调查地质灾害点: 178个,
四川省石棉县地质灾害调查与区划成果报告,主要成果,分析自然地理和地质环境条件,
四川省石棉县地质灾害调查与区划成果报告,主要成果,分析地质灾害的发育分布规律、形成条件及影响因素,
四川省石棉县地质灾害调查与区划成果报告,主要成果,进行地质灾害点危险性初步分析与预测,
四川省石棉县地质灾害调查与区划成果报告,主要成果,划分地质灾害易发区和地质灾害防治区,
四川省石棉县地质灾害调查与区划成果报告,主要成果,提出地质灾害防治的近、中、远期防治规划建议,
四川省木里县地质灾害（补充）调查与区划报告,完成单位, 四川省地矿局成都水文地质工程地质中心,
四川省木里县地质灾害（补充）调查与区划报告,调查目的,查明木里县地质灾害隐患,
四川省木里县地质灾害（补充）调查与区划报告,调查目的,划分地质灾害易发程度分区,
四川省木里县地质灾害（补充）调查与区划报告,调查目的,建立监测网络,
四川省木里县地质灾害（补充）调查与区划报告,调查目的,为地方政府制定地质灾害防治规划提供科学依据,
四川省木里县地质灾害（补充）调查与区划报告,地理位置, 木里县，凉山彝族自治州西北部,
四川省木里县地质灾害（补充）调查与区划报告,行政范围, 29个乡镇、112个行政村,
四川省木里县地质灾害（补充）调查与区划报告,完成工作量,遥感解译面积: 13253平方公里,
四川省木里县地质灾害（补充）调查与区划报告,完成工作量,确定地质灾害隐患点: 99个，包括滑坡69个，泥石流22个，不稳定公路边坡8个,
四川省木里县地质灾害（补充）调查与区划报告,主要成果,地质灾害类型主要为滑坡、泥石流和不稳定斜坡,
四川省木里县地质灾害（补充）调查与区划报告,主要成果,描述了地质灾害的规模、分布、形成条件、诱发因素,
四川省木里县地质灾害（补充）调查与区划报告,主要成果,论述了地质环境条件和地质灾害的时空发育规律,
四川省木里县地质灾害（补充）调查与区划报告,主要成果,对地质灾害隐患点的危险性进行评价与预测,
四川省木里县地质灾害（补充）调查与区划报告,主要成果,根据易发程度分区和危害程度分区划分重点防治区、次重点防治区和一般防治区,
四川省木里县地质灾害（补充）调查与区划报告,主要成果,提出地质灾害防治建议和近、中、远期规划,
四川省高县地质灾害调查与区划成果报告,完成单位, 四川省地质环境监测总站,
四川省高县地质灾害调查与区划成果报告,调查目的,查明高县的地质灾害隐患,
四川省高县地质灾害调查与区划成果报告,调查目的,划出地质灾害危险区、易发区,
四川省高县地质灾害调查与区划成果报告,调查目的,为该区有计划地开展地质灾害防治提供科学依据,
四川省高县地质灾害调查与区划成果报告,地理位置, 高县，位于宜宾市西南部,
四川省高县地质灾害调查与区划成果报告,行政范围, 12镇12乡285个行政村,
四川省高县地质灾害调查与区划成果报告,完成工作量,地质灾害调查面积: 1320.27平方公里,
四川省高县地质灾害调查与区划成果报告,完成工作量,调查地质灾害点: 126处，包括滑坡103处、崩塌12处、地面塌陷7处、不稳定斜坡2处、地裂缝1处、泥石流1处,
四川省高县地质灾害调查与区划成果报告,主要成果,在详细分析区内地质、水文地质、工程地质、环境地质、国民经济、社会发展以及气象、水文等资料基础上，系统阐述了区内的自然地理和地质环境条件,
四川省高县地质灾害调查与区划成果报告,主要成果,对区内地质灾害的发育分布规律、形成条件及影响因素进行了综合分析,
四川省高县地质灾害调查与区划成果报告,主要成果,对区内重要地质灾害点进行了危险性分析与预测,
四川省高县地质灾害调查与区划成果报告,主要成果,结合调查区的人类工程活动特点，采用定性与综合评价的半定量方法，进行了地质灾害易发分区和地质灾害防治区的划分,
四川省高县地质灾害调查与区划成果报告,主要成果,为本区的地质灾害防治管理提供了依据,
岷江流域茂县地质灾害详细调查报告,完成单位, 四川省地矿局九〇九水文地质工程地质队,
岷江流域茂县地质灾害详细调查报告,调查目的,查明区内地质灾害发育特征、分布规律和形成的地质环境条件,
岷江流域茂县地质灾害详细调查报告,调查目的,对地质灾害危害程度进行评价,
岷江流域茂县地质灾害详细调查报告,调查目的,划分地质灾害易发区和危险区,
岷江流域茂县地质灾害详细调查报告,调查目的,建立群测群防网络和地质灾害信息系统,
岷江流域茂县地质灾害详细调查报告,行政区划, 四川省茂县,
岷江流域茂县地质灾害详细调查报告,完成工作量,1:2000工程测量面积: 2.84平方千米,
岷江流域茂县地质灾害详细调查报告,完成工作量,1:5万遥感解译调查面积: 3959平方千米,
岷江流域茂县地质灾害详细调查报告,完成工作量,地质灾害点调查数量: 496处,
岷江流域茂县地质灾害详细调查报告,完成工作量,工程钻探深度: 402.5米,
岷江流域茂县地质灾害详细调查报告,完成工作量,水质分析次数: 2组,
岷江流域茂县地质灾害详细调查报告,取得成果,基本查明了区内环境地质条件,
岷江流域茂县地质灾害详细调查报告,取得成果,通过遥感解译和实地调查验证，基本查明了区内地质灾害的发育类型及分布特征,
岷江流域茂县地质灾害详细调查报告,取得成果,研究了地质灾害的发育分布规律和形成机理,
岷江流域茂县地质灾害详细调查报告,取得成果,对岷江干流及土门河岸坡的稳定性进行了评价,
岷江流域茂县地质灾害详细调查报告,取得成果,进行了地质灾害在震前、地震诱发、震后（降雨）的易发分区评价,
岷江流域茂县地质灾害详细调查报告,取得成果,进行了地质灾害的危险分区评价，并提出了防治对策,
四川省阿坝州茂县地质灾害详细调查成果报告,地理位置, 茂县位于四川省阿坝藏族羌族自治州东南部,
四川省阿坝州茂县地质灾害详细调查成果报告,地理坐标, 坐标东经102°56′26″-104°10′32″，北纬31°25′06″-32°15′43″之间,
四川省阿坝州茂县地质灾害详细调查成果报告,行政区划, 现辖21个乡镇、152个村,
四川省阿坝州茂县地质灾害详细调查成果报告,地层分布, 龙门山分区地层和马尔康分区地层,
四川省阿坝州茂县地质灾害详细调查成果报告,主要地质灾害类型, 崩塌、滑坡、泥石流,
四川省阿坝州茂县地质灾害详细调查成果报告,调查工作范围,调查区面积: 3903.28平方公里,
四川省阿坝州茂县地质灾害详细调查成果报告,调查工作范围,地质灾害点调查数量: 960处,
四川省阿坝州茂县地质灾害详细调查成果报告,调查工作范围,地质环境点调查数量: 545处,
四川省阿坝州茂县地质灾害详细调查成果报告,调查手段, 资料收集、遥感解译、地面调查、钻探、物探、探井（槽）、地形测量、室内测试等多种手段,
四川省阿坝州茂县地质灾害详细调查成果报告,调查成果,解译地质灾害点数量: 144处,
四川省阿坝州茂县地质灾害详细调查成果报告,调查成果,解译地质环境点数量: 49处,
四川省阿坝州茂县地质灾害详细调查成果报告,调查成果,完成1/2千地形图测量面积: 0.7平方公里,
四川省阿坝州茂县地质灾害详细调查成果报告,调查成果,完成1/2千工程地质测绘面积: 0.7平方公里,
四川省阿坝州茂县地质灾害详细调查成果报告,调查成果,完成工程地质剖面测绘长度: 11.8公里,
四川省阿坝州茂县地质灾害详细调查成果报告,调查成果,物探长度: 2.05公里/6条,
四川省阿坝州茂县地质灾害详细调查成果报告,调查成果,槽井深度: 102米,
四川省阿坝州茂县地质灾害详细调查成果报告,调查成果,钻探长度: 505米/21孔,
四川省阿坝州茂县地质灾害详细调查成果报告,调查成果,岩土测试次数: 40组,
四川省阿坝州茂县地质灾害详细调查成果报告,调查成果,水质分析次数: 2组,
四川省阿坝州茂县地质灾害详细调查成果报告,重点调查区域, 茂县凤仪镇、南新镇、土门乡、太平乡、石大关乡、洼底乡,
四川省阿坝州茂县地质灾害详细调查成果报告,建立或完善文件,防灾预案: 960份,
四川省阿坝州茂县地质灾害详细调查成果报告,建立或完善文件,防灾明白卡: 960份,
四川省阿坝州茂县地质灾害详细调查成果报告,建立或完善文件,避险明白卡: 7192份,
四川省阿坝州茂县地质灾害详细调查成果报告,完成信息系统,1/5万地质灾害详细调查信息系统: 1套,
四川省阿坝州茂县地质灾害详细调查成果报告,完成信息系统,四川省地质灾害易发区群众防灾避险搬迁安置工程调查与区划空间信息系统: 1套,
四川省阿坝州茂县地质灾害详细调查成果报告,完成报告,正文: 1份,
四川省阿坝州茂县地质灾害详细调查成果报告,完成报告,附件: 72份,
四川省阿坝州茂县地质灾害详细调查成果报告,完成报告,附表: 3份,
四川省阿坝州茂县地质灾害详细调查成果报告,完成报告,附图: 210张,
四川省会东县县地质灾害调查与区划报告,完成单位, 四川省地质环境监测总站,
四川省会东县县地质灾害调查与区划报告,目的,查明会东县地质灾害隐患,
四川省会东县县地质灾害调查与区划报告,目的,圈定地质灾害易发区和危险区,
四川省会东县县地质灾害调查与区划报告,目的,建立地质灾害信息系统,
四川省会东县县地质灾害调查与区划报告,目的,建立群专结合的监测网络,
四川省会东县县地质灾害调查与区划报告,目的,为有计划地开展地质灾害防治提供科学依据,
四川省会东县县地质灾害调查与区划报告,地理位置, 会东县位于凉山彝族自治州南部,
四川省会东县县地质灾害调查与区划报告,行政区划, 9区1镇，53个乡，324个村,
四川省会东县县地质灾害调查与区划报告,完成工作量,地质灾害调查面积: 3227.55平方公里,
四川省会东县县地质灾害调查与区划报告,完成工作量,各类地质灾害点数: 131处,
四川省会东县县地质灾害调查与区划报告,主要成果,査明了会东县地质灾害的分布及主要类型,
四川省会东县县地质灾害调查与区划报告,主要成果,阐述了地质灾害的规模、分布、形成条件、诱发因素,
四川省会东县县地质灾害调查与区划报告,主要成果,分析评价了各类地质灾害的稳定性、危险性和危害性,
四川省会东县县地质灾害调查与区划报告,分区划分,高易发区,
四川省会东县县地质灾害调查与区划报告,分区划分,易发区,
四川省会东县县地质灾害调查与区划报告,分区划分,低易发区,
四川省会东县县地质灾害调查与区划报告,区域评价,重点防治区,
四川省会东县县地质灾害调查与区划报告,区域评价,次重点防治区,
四川省会东县县地质灾害调查与区划报告,区域评价,一般防治区,
四川省会东县县地质灾害调查与区划报告,建议措施,采取避让搬迁,
四川省会东县县地质灾害调查与区划报告,建议措施,监测预报,
四川省会东县县地质灾害调查与区划报告,建议措施,工程治理措施,
“4.20”芦山强烈地震灾区雅安市芦山县1/5万地质灾害详细调查报告,完成单位, 四川省蜀通岩土工程公司,
“4.20”芦山强烈地震灾区雅安市芦山县1/5万地质灾害详细调查报告,地理位置, 芦山县位于四川盆地西缘，雅安市东北部，青衣江上游,
“4.20”芦山强烈地震灾区雅安市芦山县1/5万地质灾害详细调查报告,行政区划, 隶属于雅安市,
“4.20”芦山强烈地震灾区雅安市芦山县1/5万地质灾害详细调查报告,灾害历史,5·12汶川地震: 芦山县重灾县,
“4.20”芦山强烈地震灾区雅安市芦山县1/5万地质灾害详细调查报告,灾害历史,4·20芦山地震: 芦山县重灾县,
“4.20”芦山强烈地震灾区雅安市芦山县1/5万地质灾害详细调查报告,项目编号, F-DZ-217(2014),
“4.20”芦山强烈地震灾区雅安市芦山县1/5万地质灾害详细调查报告,工作起止时间, 2014年8月-2014年12月,
“4.20”芦山强烈地震灾区雅安市芦山县1/5万地质灾害详细调查报告,主要工作内容,遥感解译,
“4.20”芦山强烈地震灾区雅安市芦山县1/5万地质灾害详细调查报告,主要工作内容,地面调查,
“4.20”芦山强烈地震灾区雅安市芦山县1/5万地质灾害详细调查报告,主要工作内容,钻探,
“4.20”芦山强烈地震灾区雅安市芦山县1/5万地质灾害详细调查报告,主要工作内容,槽探,
“4.20”芦山强烈地震灾区雅安市芦山县1/5万地质灾害详细调查报告,主要工作内容,测绘,
“4.20”芦山强烈地震灾区雅安市芦山县1/5万地质灾害详细调查报告,主要工作内容,野外调查,
“4.20”芦山强烈地震灾区雅安市芦山县1/5万地质灾害详细调查报告,完成工作量,完成的设计工作量,
“4.20”芦山强烈地震灾区雅安市芦山县1/5万地质灾害详细调查报告,主要成果,基本查明区内地质灾害分布、形成条件和发育特征,
“4.20”芦山强烈地震灾区雅安市芦山县1/5万地质灾害详细调查报告,主要成果,对地质灾害的危害程度进行评价,
“4.20”芦山强烈地震灾区雅安市芦山县1/5万地质灾害详细调查报告,主要成果,圈定地质灾害易发区和危险区,
“4.20”芦山强烈地震灾区雅安市芦山县1/5万地质灾害详细调查报告,主要成果,建立群专结合的监测网络,
“4.20”芦山强烈地震灾区雅安市芦山县1/5万地质灾害详细调查报告,主要成果,为制定防灾规划和减灾提供技术支撑,
“4.20”芦山强烈地震灾区雅安市芦山县1/5万地质灾害详细调查报告,主要成果,为灾后重建提供科学依据,
“4.20”芦山强烈地震灾区雅安市芦山县1/5万地质灾害详细调查报告,数据来源,芦山县“5.12”、“4.20”地震灾后地质灾害排查资料,
“4.20”芦山强烈地震灾区雅安市芦山县1/5万地质灾害详细调查报告,数据来源,基础地质、水工环地质和城镇发展规划资料,
“4.20”芦山强烈地震灾区雅安市芦山县1/5万地质灾害详细调查报告,报告编制依据, 充分搜集的第一手资料,
四川省宜宾市翠屏区地质灾害调查与区划报告,下达任务单位, 四川省国土资源厅,
四川省宜宾市翠屏区地质灾害调查与区划报告,任务下达文号, 川国土资函[2006] 1324号文,
四川省宜宾市翠屏区地质灾害调查与区划报告,承担单位, 四川省地矿局成都水文地质工程地质中心,
四川省宜宾市翠屏区地质灾害调查与区划报告,地质灾害类型, 滑坡和崩塌,
四川省宜宾市翠屏区地质灾害调查与区划报告,影响因素,地形地貌,
四川省宜宾市翠屏区地质灾害调查与区划报告,影响因素,地层岩性,
四川省宜宾市翠屏区地质灾害调查与区划报告,影响因素,地质构造,
四川省宜宾市翠屏区地质灾害调查与区划报告,影响因素,工程地质条件,
四川省宜宾市翠屏区地质灾害调查与区划报告,影响因素,降雨,
四川省宜宾市翠屏区地质灾害调查与区划报告,影响因素,人居分布,
四川省宜宾市翠屏区地质灾害调查与区划报告,影响因素,人类工程活动,
四川省宜宾市翠屏区地质灾害调查与区划报告,灾情统计,死亡人数: 1人,
四川省宜宾市翠屏区地质灾害调查与区划报告,灾情统计,直接经济损失: 307.5万元,
四川省宜宾市翠屏区地质灾害调查与区划报告,灾情统计,威胁人数: 2165人,
四川省宜宾市翠屏区地质灾害调查与区划报告,灾情统计,威胁资产: 8197万元,
四川省宜宾市翠屏区地质灾害调查与区划报告,灾害分区,高易发区: 2个，面积255.74km2,
四川省宜宾市翠屏区地质灾害调查与区划报告,灾害分区,重点防治区（Ⅰ）: 面积400.36km2,
四川省宜宾市翠屏区地质灾害调查与区划报告,灾害分区,次重点防治区（Ⅱ）: 面积516.2km2,
四川省宜宾市翠屏区地质灾害调查与区划报告,灾害分区,一般防治区（Ⅲ）: 面积214.47km2,
四川省宜宾市翠屏区地质灾害调查与区划报告,防治措施,确定防治点: 69处,
四川省宜宾市翠屏区地质灾害调查与区划报告,防治措施,建立隐患点群测群防网络,
四川省宜宾市翠屏区地质灾害调查与区划报告,防治措施,分类治理措施: 工程治理、简易工程治理结合监测、避险搬迁规划,
四川省宜宾市翠屏区地质灾害调查与区划报告,搬迁安置,需搬迁户数: 193户,
四川省宜宾市翠屏区地质灾害调查与区划报告,搬迁安置,同意搬迁户数: 185户,
四川省宜宾市翠屏区地质灾害调查与区划报告,搬迁安置,不同意搬迁户数: 8户,
四川省宜宾市翠屏区地质灾害调查与区划报告,搬迁安置,搬迁紧迫程度评价: 紧迫级、较紧迫级、一般级,
四川省宜宾市翠屏区地质灾害调查与区划报告,搬迁安置,适宜搬迁新址数: 38处,
四川省宜宾市翠屏区地质灾害调查与区划报告,搬迁安置,自主安置农户数: 10户,
四川省宜宾市翠屏区地质灾害调查与区划报告,搬迁规划,第一批规划时间: 2008年年底,
四川省宜宾市翠屏区地质灾害调查与区划报告,搬迁规划,第二批规划时间: 2010年汛期前,
四川省宜宾市翠屏区地质灾害调查与区划报告,搬迁规划,第三批规划时间: 2010年年底,
四川省崇州市地质灾害调查与区划报告,承担单位, 四川省地质环境监测总站,
四川省崇州市地质灾害调查与区划报告,目的,查明崇州市的地质灾害隐患,
四川省崇州市地质灾害调查与区划报告,目的,划出地质灾害危险区、易发区,
四川省崇州市地质灾害调查与区划报告,目的,建立地质灾害信息系统,
四川省崇州市地质灾害调查与区划报告,目的,健全群专结合的监测网络,
四川省崇州市地质灾害调查与区划报告,目的,为该区有计划地开展地质灾害防治提供科学依据,
四川省崇州市地质灾害调查与区划报告,地质灾害调查面积, 1090km^2,
四川省崇州市地质灾害调查与区划报告,查明地质灾害处数, 116处,
四川省崇州市地质灾害调查与区划报告,主要成果,收集、分析区内地质、水文地质、工程地质、环境地质、国民经济、社会发展以及气象、水文等资料,
四川省崇州市地质灾害调查与区划报告,主要成果,系统阐述了区内的自然地理和地质环境条件,
四川省崇州市地质灾害调查与区划报告,主要成果,选择地形地貌、地层岩性、结构构造、气象水文、新构造运动及人类工程活动等致灾因子,
四川省崇州市地质灾害调查与区划报告,主要成果,采用模糊数学评价法对全市进行了地质灾害易发程度分区评价,
四川省崇州市地质灾害调查与区划报告,分区评价,将本市划分为地质灾害高易发区、中易发区和不易发区,
四川省崇州市地质灾害调查与区划报告,防治划分,根据崇州市地质灾害的特点及构成威胁及危害，结合崇州市的经济建设发展规划,
四川省崇州市地质灾害调查与区划报告,防治划分,将地质灾害防治划分为重点防治区、次重点防治区和一般防治区,
四川省崇州市地质灾害调查与区划报告,防治划分,分别提出了防治措施及建议,
绵阳市安县2012年度地质灾害应急排查报告,承担单位, 四川省地矿局909水文地质工程地质队,
绵阳市安县2012年度地质灾害应急排查报告,发布依据, 川国土资函[2012]1408号,
绵阳市安县2012年度地质灾害应急排查报告,地理位置,位于四川省东北部、绵阳市西北部,
绵阳市安县2012年度地质灾害应急排查报告,地理坐标, 东经104°5′50″～104°38′10″，北纬31°22′23″～31°47′36″,
绵阳市安县2012年度地质灾害应急排查报告,幅员面积, 1182.37km²,
绵阳市安县2012年度地质灾害应急排查报告,主要成果,环境地质条件的基本了解,
绵阳市安县2012年度地质灾害应急排查报告,主要成果,对510处已知地质灾害进行复核，全面调查新增地质灾害,
绵阳市安县2012年度地质灾害应急排查报告,主要成果,复核评估66处地质灾害治理工程的效果，重点评估25条泥石流治理工程,
绵阳市安县2012年度地质灾害应急排查报告,主要成果,对11处泥石沟进行小流域综合治理示范建议,
绵阳市安县2012年度地质灾害应急排查报告,主要成果,对16个乡镇进行全面调查，重点评估高川乡场镇等三个场镇,
绵阳市安县2012年度地质灾害应急排查报告,主要成果,对地质灾害易发程度进行分区评价，划分为4个区7个亚区,
绵阳市安县2012年度地质灾害应急排查报告,主要成果,进行地质灾害防灾避险知识培训，共培训45681人,
绵阳市安县2012年度地质灾害应急排查报告,主要成果,完善已有510处地质灾害，更新新增地质灾害空间信息系统,
绵阳市安县2012年度地质灾害应急排查报告,主要成果,提出地质灾害防治建议，确定防治重点，编制新增171处地质灾害防灾预案,
四川省2016年甘孜州新龙县地质灾害详细调查成果报告,承担单位, 四川省地质工程勘察院,
四川省2016年甘孜州新龙县地质灾害详细调查成果报告,项目时间, 2016年6月-12月,
四川省2016年甘孜州新龙县地质灾害详细调查成果报告,项目类型,1:5万地质灾害详细调查项目,
四川省2016年甘孜州新龙县地质灾害详细调查成果报告,地理位置,位于四川省甘孜州西北部,
四川省2016年甘孜州新龙县地质灾害详细调查成果报告,地理坐标, 未提供,
四川省2016年甘孜州新龙县地质灾害详细调查成果报告,幅员面积, 9182.74km²,
四川省2016年甘孜州新龙县地质灾害详细调查成果报告,乡镇和交通,共辖19个乡镇,
四川省2016年甘孜州新龙县地质灾害详细调查成果报告,乡镇和交通,总体交通条件较差,
四川省2016年甘孜州新龙县地质灾害详细调查成果报告,调查方法,1:5万全县地质灾害专项测绘,
四川省2016年甘孜州新龙县地质灾害详细调查成果报告,调查方法,1:1万重点场镇地质灾害专项测绘,
四川省2016年甘孜州新龙县地质灾害详细调查成果报告,调查方法,1:1万小流域地质灾害专项测绘及钻探、测量、物探、遥感、取样、山地工程等工作手段,
四川省2016年甘孜州新龙县地质灾害详细调查成果报告,地质灾害隐患点,共发育有地质灾害隐患点191处,
四川省2016年甘孜州新龙县地质灾害详细调查成果报告,地质灾害隐患点,泥石流111处，滑坡41处，不稳定斜坡18处，崩塌（危岩）21处,
四川省2016年甘孜州新龙县地质灾害详细调查成果报告,地质灾害隐患点,威胁715户4586人的生命财产安全，威胁资产达41690万元,
四川省2016年甘孜州新龙县地质灾害详细调查成果报告,易发性分区,新龙县划分为高易发区、中易发区、低易发区和不易发区四大类,
四川省2016年甘孜州新龙县地质灾害详细调查成果报告,危险性分区,新龙县划分为高危险区、中危险区、低危险区三类,
四川省2016年甘孜州新龙县地质灾害详细调查成果报告,防治区划,新龙县划分为重点防治区、次重点防治区、一般防治区,
四川省2016年甘孜州新龙县地质灾害详细调查成果报告,数据库建立,建立了新龙县1:5万地质灾害详细调查数据库,
四川省2016年甘孜州新龙县地质灾害详细调查成果报告,数据库建立,数据库反映了滑坡、崩塌、泥石流及不稳定斜坡各种灾害体的发育特征、规律,
四川省2016年甘孜州新龙县地质灾害详细调查成果报告,防治措施建议,对182处进行防治措施建议,
四川省2016年甘孜州新龙县地质灾害详细调查成果报告,防治措施建议,建议工程措施29处，搬迁避让13处，群测群防117处，排危除险23处,
“4.20”芦山强烈地震灾区雅安市宝兴县地质灾害详细调查报告,承担单位, 四川省地质工程勘察院,
“4.20”芦山强烈地震灾区雅安市宝兴县地质灾害详细调查报告,相关通知, 川国土资办发[2014]74号文,
“4.20”芦山强烈地震灾区雅安市宝兴县地质灾害详细调查报告,调查时间, 未提供具体时间,
“4.20”芦山强烈地震灾区雅安市宝兴县地质灾害详细调查报告,地理位置,宝兴县位于四川西部雅安市北部的夹金山下,
“4.20”芦山强烈地震灾区雅安市宝兴县地质灾害详细调查报告,地理位置,地处四川盆地与青藏高原东南缘的过渡,
“4.20”芦山强烈地震灾区雅安市宝兴县地质灾害详细调查报告,影响事件,2013年“4.20”强烈地震及连续强降雨导致多处崩塌、落石、掉块,
“4.20”芦山强烈地震灾区雅安市宝兴县地质灾害详细调查报告,影响事件,导致交通阻断、多人伤亡,
“4.20”芦山强烈地震灾区雅安市宝兴县地质灾害详细调查报告,灾害点情况,2013年“4.20”芦山地震应急排查地质灾害点477处,
“4.20”芦山强烈地震灾区雅安市宝兴县地质灾害详细调查报告,灾害点情况,威胁3992户、23023人、2处电站、1处自然景区、S210省道87处,
“4.20”芦山强烈地震灾区雅安市宝兴县地质灾害详细调查报告,灾害点情况,受威胁财产总额近16.7亿元,
“4.20”芦山强烈地震灾区雅安市宝兴县地质灾害详细调查报告,详查工作,2014详查总计灾害点数为504处，威胁4891户，25347人、7处水利设施、1处旅游景区、S210省道63处,
“4.20”芦山强烈地震灾区雅安市宝兴县地质灾害详细调查报告,详查工作,完成6个典型灾害点勘察，9个钻孔工程共计209.3m，采集岩样12件，完成探井70m，槽探306平方米,
“4.20”芦山强烈地震灾区雅安市宝兴县地质灾害详细调查报告,主要工作任务,遥感地质解译、地质灾害调查测绘,
“4.20”芦山强烈地震灾区雅安市宝兴县地质灾害详细调查报告,主要工作任务,已有地质灾害隐患点全面核查,
“4.20”芦山强烈地震灾区雅安市宝兴县地质灾害详细调查报告,主要工作任务,已实施工程治理点复核评估，并提出相应处置方案,
“4.20”芦山强烈地震灾区雅安市宝兴县地质灾害详细调查报告,主要工作任务,区域地质环境条件调查、防灾避险搬迁安置迁入地适宜性评价,
“4.20”芦山强烈地震灾区雅安市宝兴县地质灾害详细调查报告,主要工作任务,帮助指导当地汛期地质灾害防治,
“4.20”芦山强烈地震灾区雅安市宝兴县地质灾害详细调查报告,主要工作任务,地质灾害空间信息系统修编,
四川省2016年凉山州会东县地质灾害详细调查报告,项目性质, 省厅财政项目,
四川省2016年凉山州会东县地质灾害详细调查报告,调查目的,查清地质环境条件,
四川省2016年凉山州会东县地质灾害详细调查报告,调查目的,摸清地质灾害发育情况,
四川省2016年凉山州会东县地质灾害详细调查报告,调查目的,协助开展预防避让及突发地质灾害险情应急处置,
四川省2016年凉山州会东县地质灾害详细调查报告,调查目的,提供技术支撑,
四川省2016年凉山州会东县地质灾害详细调查报告,调查目的,为地方汛期地质灾害防治工作提供依据,
四川省2016年凉山州会东县地质灾害详细调查报告,项目来源, 网上公开招投标中标获取，招标人为四川省地政地籍事务中心,
四川省2016年凉山州会东县地质灾害详细调查报告,调查范围, 会东县全境，面积为3227km2,
四川省2016年凉山州会东县地质灾害详细调查报告,各类地质灾害点,滑坡263处,
四川省2016年凉山州会东县地质灾害详细调查报告,各类地质灾害点,崩塌14处,
四川省2016年凉山州会东县地质灾害详细调查报告,各类地质灾害点,泥石流42处,
四川省2016年凉山州会东县地质灾害详细调查报告,各类地质灾害点,不稳定斜坡9处,
四川省2016年凉山州会东县地质灾害详细调查报告,各类地质灾害点,地面塌陷1处,
四川省2016年凉山州会东县地质灾害详细调查报告,各类地质灾害点,地面沉降1处,
四川省2016年凉山州会东县地质灾害详细调查报告,威胁情况,共威胁5326户，22311人,
四川省2016年凉山州会东县地质灾害详细调查报告,威胁情况,威胁财产55645万元,
四川省2016年凉山州会东县地质灾害详细调查报告,确定地质灾害隐患点,总计278处,
四川省2016年凉山州会东县地质灾害详细调查报告,确定地质灾害隐患点,滑坡227处,
四川省2016年凉山州会东县地质灾害详细调查报告,确定地质灾害隐患点,泥石流35处,
四川省2016年凉山州会东县地质灾害详细调查报告,确定地质灾害隐患点,崩塌8处,
四川省2016年凉山州会东县地质灾害详细调查报告,确定地质灾害隐患点,不稳定斜坡8处,
四川省2016年凉山州会东县地质灾害详细调查报告,隐患点规模类型,小型占57.55%,
四川省2016年凉山州会东县地质灾害详细调查报告,隐患点规模类型,中型占35.25%,
四川省名山县地质灾害调查与区划成果报告,完成单位, 四川省地质环境监测总站,
四川省名山县地质灾害调查与区划成果报告,调查目的,查明名山县地质灾害的发育分布情况,
四川省名山县地质灾害调查与区划成果报告,调查目的,划分地质灾害的危险区、易发区,
四川省名山县地质灾害调查与区划成果报告,调查目的,协助建立地质灾害群测群防预警体系,
四川省名山县地质灾害调查与区划成果报告,调查范围,区域位于成都平原西南边缘,
四川省名山县地质灾害调查与区划成果报告,调查范围,辖9镇11乡、192个村、1244个村民小组,
四川省名山县地质灾害调查与区划成果报告,完成工作量,地质灾害调查面积为614.27km²,
四川省名山县地质灾害调查与区划成果报告,完成工作量,调查各类地质灾害点80处，包括滑坡、崩塌、潜在不稳定斜坡,
四川省名山县地质灾害调查与区划成果报告,主要成果,对各类地质灾害的发育特征、形成条件、影响因素及分布规律进行了详细分析,
四川省名山县地质灾害调查与区划成果报告,主要成果,进行了地质灾害区划，划分出高易发区、中易发区和低易发区,
四川省名山县地质灾害调查与区划成果报告,主要成果,对重要地质灾害点进行了危险性分析与预测,
四川省名山县地质灾害调查与区划成果报告,主要成果,划定了重点防治区、次重点防治区和一般防治区,
四川省名山县地质灾害调查与区划成果报告,防治规划,提出了近、中、远期防治规划,
四川省名山县地质灾害调查与区划成果报告,作用,为地质灾害的防治管理提供可靠依据,
四川省泸州市龙马潭区地质灾害调查与区划成果报告,完成单位, 四川省地质环境监测总站,
四川省泸州市龙马潭区地质灾害调查与区划成果报告,调查目的,全面调查研究全区地质灾害,
四川省泸州市龙马潭区地质灾害调查与区划成果报告,调查目的,重点调查城镇及经济开发区的地质灾害隐患,
四川省泸州市龙马潭区地质灾害调查与区划成果报告,调查目的,划出地质灾害易发区,
四川省泸州市龙马潭区地质灾害调查与区划成果报告,调查目的,建立地质灾害地理信息系统，提供科学依据,
四川省泸州市龙马潭区地质灾害调查与区划成果报告,地理位置,龙马潭区为泸州市长江北岸市辖区,
四川省泸州市龙马潭区地质灾害调查与区划成果报告,主要工作量,地质灾害调查面积为340.8平方千米,
四川省泸州市龙马潭区地质灾害调查与区划成果报告,主要工作量,调查地质灾害点31处，包括滑坡、崩塌、不稳定斜坡,
四川省泸州市龙马潭区地质灾害调查与区划成果报告,主要成果,分析了自然地理和地质环境条件,
四川省泸州市龙马潭区地质灾害调查与区划成果报告,主要成果,揭示地质灾害的发育分布规律、形成条件及影响因素,
四川省泸州市龙马潭区地质灾害调查与区划成果报告,主要成果,进行了地质灾害易发程度分区评价，划分高易发区、中易发区及低易发区,
四川省泸州市龙马潭区地质灾害调查与区划成果报告,主要成果,划定了地质灾害重点防治区、次重点防治区及一般防治区,
四川省泸州市龙马潭区地质灾害调查与区划成果报告,主要成果,提出了近、中、远期防治规划,
四川省泸州市龙马潭区地质灾害调查与区划成果报告,作用,为龙马潭区地质灾害防治管理提供可靠依据,
四川省2015年广元市青川县地质灾害详细调查报告,地理位置, 青川县位于四川盆地北部边缘，川、甘、陕交界处，白龙江下游，属于四川省广元市,
四川省2015年广元市青川县地质灾害详细调查报告,地势特征, 西北高南东低，以中低山为主,
四川省2015年广元市青川县地质灾害详细调查报告,岩性特征, 复杂，构造活动较强烈，地质环境条件复杂,
四川省2015年广元市青川县地质灾害详细调查报告,人类活动影响, 采矿、城镇建设等人类活动导致地质灾害发育,
四川省2015年广元市青川县地质灾害详细调查报告,调查手段,资料收集、遥感解译、地面调查、钻探、物探、探井、地形测量、室内测试等多种手段,
四川省2015年广元市青川县地质灾害详细调查报告,调查范围,调查面积3216.23平方千米,
四川省2015年广元市青川县地质灾害详细调查报告,调查范围,完成1:1万重点调查区59平方千米、1:5万重点调查区369.7平方千米等,
四川省2015年广元市青川县地质灾害详细调查报告,调查内容,完成地质灾害隐患点复核及新增隐患点调查,
四川省2015年广元市青川县地质灾害详细调查报告,调查内容,进行地形图测量、工程地质测绘、剖面测绘等工作,
四川省2015年广元市青川县地质灾害详细调查报告,调查内容,建立或完善防灾预案、防灾明白卡、避险明白卡等,
四川省2015年广元市青川县地质灾害详细调查报告,系统建设,建立了地质灾害详细调查信息系统、易发区群众防灾避险搬迁安置工程调查系统等,
四川省2015年广元市青川县地质灾害详细调查报告,报告成果,详查报告正文1份、附件24份、附表4份、附图416张,
四川省2015年广元市青川县地质灾害详细调查报告,工作量完成,按照任务书和相关要求完成了相应工作量,
“4.20”芦山强烈地震灾区乐山市峨眉山市1/5万地质灾害详细调查报告,任务来源, 四川省国土资源厅办公室下达的《“4.20”芦山强烈地震灾区地质灾害详查工作任务通知》,
“4.20”芦山强烈地震灾区乐山市峨眉山市1/5万地质灾害详细调查报告,承担单位, 四川省地质矿产勘查开发局四0五地质队,
“4.20”芦山强烈地震灾区乐山市峨眉山市1/5万地质灾害详细调查报告,地理位置, 四川省峨眉山市位于四川盆地西南边缘,
“4.20”芦山强烈地震灾区乐山市峨眉山市1/5万地质灾害详细调查报告,工作区面积, 1183平方公里,
“4.20”芦山强烈地震灾区乐山市峨眉山市1/5万地质灾害详细调查报告,主要工作内容,完成全县1:50000调查测绘，重点调查区面积973.2平方公里,
“4.20”芦山强烈地震灾区乐山市峨眉山市1/5万地质灾害详细调查报告,主要工作内容,调查各类地质灾害点185处，地质环境点402处,
“4.20”芦山强烈地震灾区乐山市峨眉山市1/5万地质灾害详细调查报告,主要工作内容,完成普兴乡、川主乡、黄湾乡等7处重点地段1:10000调查测绘,
“4.20”芦山强烈地震灾区乐山市峨眉山市1/5万地质灾害详细调查报告,主要工作内容,遥感解译、典型地质灾害点勘查、斜坡、岩土体结构实测剖面等工作,
“4.20”芦山强烈地震灾区乐山市峨眉山市1/5万地质灾害详细调查报告,地质特征, 大地构造隶属于川滇南北构造带北段，地质构造以断裂为主，褶皱构造形态复杂多样,
“4.20”芦山强烈地震灾区乐山市峨眉山市1/5万地质灾害详细调查报告,地质灾害情况,发育地质灾害184处，主要包括滑坡、崩塌、不稳定斜坡、泥石流、地面塌陷等,
“4.20”芦山强烈地震灾区乐山市峨眉山市1/5万地质灾害详细调查报告,地质灾害情况,威胁生命安全1451户4845人，财产价值28900万元,
“4.20”芦山强烈地震灾区乐山市峨眉山市1/5万地质灾害详细调查报告,区域划分,对地质灾害易发程度、危险程度、防治规划划分成7个分区进行评价,
四川省乐山市沙湾区地质灾害调查与区划成果报告,完成单位, 四川省地质环境监测总站,
四川省乐山市沙湾区地质灾害调查与区划成果报告,目的,查明本区存在的地质灾害隐患,
四川省乐山市沙湾区地质灾害调查与区划成果报告,目的,划分地质灾害易发区,
四川省乐山市沙湾区地质灾害调查与区划成果报告,目的,建立地质灾害地理信息系统,
四川省乐山市沙湾区地质灾害调查与区划成果报告,目的,为有计划地开展地质灾害防治提供科学依据,
四川省乐山市沙湾区地质灾害调查与区划成果报告,地理位置, 乐山市沙湾区位于乐山市西南，辖8镇5乡，146个村，1047个村民小组,
四川省乐山市沙湾区地质灾害调查与区划成果报告,地质灾害调查面积,610.89平方公里,
四川省乐山市沙湾区地质灾害调查与区划成果报告,调查地质灾害点,47处，包括滑坡27处，崩塌5处，泥石流2处，不稳定斜坡13处,
四川省乐山市沙湾区地质灾害调查与区划成果报告,主要成果,对自然地理和地质环境条件进行详细阐述,
四川省乐山市沙湾区地质灾害调查与区划成果报告,主要成果,分析区内滑坡、崩塌、泥石流等地质灾害的形成条件、影响因素及规律,
四川省乐山市沙湾区地质灾害调查与区划成果报告,主要成果,提取出23个主要致灾因子，划分全区为地质灾害高易发区、中易发区和低易发区,
四川省乐山市沙湾区地质灾害调查与区划成果报告,主要成果,将测区划分为9个防治亚区，并提出地质灾害防治规划建议,
“4.20”芦山强烈地震灾区眉山市东坡区1/5万地质灾害详细调查报告,地震灾区,芦山强烈地震灾区，位于眉山市东坡区,
“4.20”芦山强烈地震灾区眉山市东坡区1/5万地质灾害详细调查报告,调查范围,1331.35 km2,
“4.20”芦山强烈地震灾区眉山市东坡区1/5万地质灾害详细调查报告,调查手段,资料收集、遥感解译、地面调查、钻探、物探、探井（槽）、地形测量、室内测试等,
“4.20”芦山强烈地震灾区眉山市东坡区1/5万地质灾害详细调查报告,调查内容,地质环境点、地质灾害点、地形图数字化、工程地质测绘、物探、浅井、槽探、钻探、滑体大重度试验、岩土测试、水质分析,
“4.20”芦山强烈地震灾区眉山市东坡区1/5万地质灾害详细调查报告,调查结果,地质灾害点数量、滑坡、崩塌（危岩）、不稳定斜坡、地面塌陷,
“4.20”芦山强烈地震灾区眉山市东坡区1/5万地质灾害详细调查报告,已处理地质灾害点,核消、移交,
“4.20”芦山强烈地震灾区眉山市东坡区1/5万地质灾害详细调查报告,现存地质灾害点,滑坡、崩塌（危岩）、不稳定斜坡、地面塌陷,
“4.20”芦山强烈地震灾区眉山市东坡区1/5万地质灾害详细调查报告,威胁人数,2092人,
四川省荥经县地质灾害调查与区划成果报告,完成单位,四川省地质环境监测总站,
四川省荥经县地质灾害调查与区划成果报告,目的任务,查清主要地质灾害隐患,
四川省荥经县地质灾害调查与区划成果报告,目的任务,划定地质灾害易发区,
四川省荥经县地质灾害调查与区划成果报告,目的任务,建立地质灾害地理信息系统,
四川省荥经县地质灾害调查与区划成果报告,目的任务,为地方政府建立地质灾害群测群防网络,
四川省荥经县地质灾害调查与区划成果报告,目的任务,编制主要地质灾害隐患点的防灾预案,
四川省荥经县地质灾害调查与区划成果报告,地理位置,荥经县位于雅安市中部，辖2镇23乡105个行政村,
四川省荥经县地质灾害调查与区划成果报告,地质灾害调查面积,1781.04平方千米,
四川省荥经县地质灾害调查与区划成果报告,各类地质灾害点,共73处,
四川省荥经县地质灾害调查与区划成果报告,主要成果,分析了各类地质灾害的发育特征、形成条件、影响因素及分布规律,
四川省荥经县地质灾害调查与区划成果报告,主要成果,进行地质灾害区划划分，评价地质灾害易发区、重点防治区等,
四川省荥经县地质灾害调查与区划成果报告,主要成果,提出近、中、远期防治规划，为地质灾害的防治管理提供依据,
四川省矿山地质地理环境综合调查与评估成果报告,完成单位,四川省地质环境监测总站,
四川省矿山地质地理环境综合调查与评估成果报告,目标任务,开展四川省矿山地质环境综合调查,
四川省矿山地质地理环境综合调查与评估成果报告,目标任务,摸清全省矿山基本现状,
四川省矿山地质地理环境综合调查与评估成果报告,目标任务,查明主要矿山环境地质问题及其危害,
四川省矿山地质地理环境综合调查与评估成果报告,目标任务,为保护地质环境、矿山环境整治、矿山生态系统恢复与重建提供基础资料,
四川省矿山地质地理环境综合调查与评估成果报告,目标任务,提供科学依据，制定矿山地质环境保护规划,
四川省矿山地质地理环境综合调查与评估成果报告,完成工作量,调查矿山面积：1750平方千米,
四川省矿山地质地理环境综合调查与评估成果报告,完成工作量,坑槽探测量：1950立方米,
四川省矿山地质地理环境综合调查与评估成果报告,完成工作量,遥感解译面积：11137平方千米,
四川省矿山地质地理环境综合调查与评估成果报告,完成工作量,物探长度：5千米,
四川省矿山地质地理环境综合调查与评估成果报告,完成工作量,水样采集量：120件,
四川省矿山地质地理环境综合调查与评估成果报告,完成工作量,土样采集量：120件,
四川省矿山地质地理环境综合调查与评估成果报告,完成工作量,矿山灾害调查点数：44点,
四川省矿山地质地理环境综合调查与评估成果报告,主要成果,介绍四川省自然地理、地质背景、社会经济及矿产资源开发利用现状,
四川省矿山地质地理环境综合调查与评估成果报告,主要成果,统计分析了四川省矿山资源破坏、地质灾害及环境污染等环境地质问题、形成原因、防护与恢复治理措施及成效,
四川省矿山地质地理环境综合调查与评估成果报告,主要成果,进行了矿山地质环境综合评估及分区评述，预测发展趋势,
四川省矿山地质地理环境综合调查与评估成果报告,主要成果,提出了矿山地质环境保护与整治对策建议,
四川省矿山地质地理环境综合调查与评估成果报告,主要成果,对省内6个代表性矿区进行了矿山地质环境调查与评估，并提出了对策建议,
四川省矿山地质地理环境综合调查与评估成果报告,完成单位,四川省地质调查院,
四川省矿山地质地理环境综合调查与评估成果报告,目的,圈定成矿远景区或提出有找矿意义的地段,
四川省矿山地质地理环境综合调查与评估成果报告,目的,分析深部物质的均衡状态和区域地壳稳定性,
四川省矿山地质地理环境综合调查与评估成果报告,目的,总结地质灾害发育特征,
四川省矿山地质地理环境综合调查与评估成果报告,目的,提供高质量的区域重力资料，为资源评价、区域地质环境调查和基础地质图件更新提供支持,
四川省矿山地质地理环境综合调查与评估成果报告,工作量,野外工作面积约27841km^2,
四川省矿山地质地理环境综合调查与评估成果报告,工作量,完成测点5220个,
四川省矿山地质地理环境综合调查与评估成果报告,工作量,重力测点质量检查点273个，检查比例达4.6%,
四川省矿山地质地理环境综合调查与评估成果报告,工作量,联测GPS基准站18个；联测一级重力支基点9个，联测二级重力支基点24个,
四川省矿山地质地理环境综合调查与评估成果报告,工作量,采集测定密度标本3633块，磁性标本240块,
四川省矿山地质地理环境综合调查与评估成果报告,主要成果,地质构造分区、断裂带展布、岩浆岩（或岩体）、沉积盆地划分和圈定,
四川省矿山地质地理环境综合调查与评估成果报告,主要成果,探讨地质构造与成矿、控矿的关系,
四川省矿山地质地理环境综合调查与评估成果报告,主要成果,分析深部物质的均衡状态和区域地壳稳定性,
四川省矿山地质地理环境综合调查与评估成果报告,主要成果,总结地质灾害发育特征,
四川省宝兴县地质灾害调查与区划成果报告,完成单位,四川省地质环境监测总站,
四川省宝兴县地质灾害调查与区划成果报告,目的,查明宝兴县存在的地质灾害隐患,
四川省宝兴县地质灾害调查与区划成果报告,目的,划分出地质灾害的危险区、易发区,
四川省宝兴县地质灾害调查与区划成果报告,目的,建立地质灾害地理信息系统，协助当地政府编制地质灾害防治规划,
四川省宝兴县地质灾害调查与区划成果报告,宝兴县情况,位于雅安市北部,
四川省宝兴县地质灾害调查与区划成果报告,宝兴县情况,辖11个乡镇54个行政村,
四川省宝兴县地质灾害调查与区划成果报告,完成工作量,地质灾害调查面积3114平方公里,
四川省宝兴县地质灾害调查与区划成果报告,完成工作量,调查地质灾害点66处，其中滑坡33个、崩塌3处、泥石流23处、不稳定斜坡6处、地面塌陷1处,
四川省宝兴县地质灾害调查与区划成果报告,主要成果,分析区内地质、水文地质、工程地质、环境地质、国民经济、社会发展以及气象、水文等资料基础上，对区内的自然地理和地质环境条件做了阐述,
四川省宝兴县地质灾害调查与区划成果报告,主要成果,对区内滑坡、崩塌、泥石流等地质灾害的形成条件、影响因素及分布规律进行了详细分析,
四川省宝兴县地质灾害调查与区划成果报告,主要成果,提取23个主要致灾因子，计算出单元网格的地质灾害易发程度综合评价值，将全区划分为地质灾害高易发区、中易发区和低易发区,
四川省宝兴县地质灾害调查与区划成果报告,主要成果,对区内重要的地质灾害点进行了危险性分析与预测,
四川省宝兴县地质灾害调查与区划成果报告,主要成果,根据地质灾害易发程度分区和对地质灾害经济损失的客观评估，结合宝兴县国民经济建设与社会发展规划，将宝兴县划分出重点防治区、次重点防治区和一般防治区,
四川省宝兴县地质灾害调查与区划成果报告,主要成果,提出了地质灾害防治规划建议,
四川省九龙县地质灾害详细调查成果报告,完成单位,四川省地质调查院,
四川省九龙县地质灾害详细调查成果报告,项目目的,开展滑坡、崩塌、泥石流等地质灾害详细调查,
四川省九龙县地质灾害详细调查成果报告,项目目的,基本查明区内地质灾害及其隐患发育特征、分布规律以及形成的地质环境条件,
四川省九龙县地质灾害详细调查成果报告,项目目的,对地质灾害危害程度进行评价,
四川省九龙县地质灾害详细调查成果报告,项目目的,划分地质灾害易发区和危险区,
四川省九龙县地质灾害详细调查成果报告,项目目的,建立健全群测群防网络,
四川省九龙县地质灾害详细调查成果报告,项目目的,建立地质灾害信息系统，为减灾防灾和制定区域防灾规划提供基础地质依据,
四川省九龙县地质灾害详细调查成果报告,地理位置,九龙县位于甘孜、凉山、雅安三州（市）的结合部位,
四川省九龙县地质灾害详细调查成果报告,完成工作量,1:5万遥感调查面积 6800km²,
四川省九龙县地质灾害详细调查成果报告,完成工作量,1:5万工程地质测绘面积 230km²,
四川省九龙县地质灾害详细调查成果报告,完成工作量,工程钻探深度 502.2m,
四川省九龙县地质灾害详细调查成果报告,完成工作量,工程物探长度 15.2km,
四川省九龙县地质灾害详细调查成果报告,完成工作量,1:1千工程地质剖面测量长度 117km,
四川省九龙县地质灾害详细调查成果报告,主要成果,查明了滑坡、崩塌、泥石流等地质灾害形成的地形地貌、地层岩性、地质构造条件,
四川省九龙县地质灾害详细调查成果报告,主要成果,阐明了地下水活动及人类工程活动对滑坡的影响,
四川省九龙县地质灾害详细调查成果报告,主要成果,进行了工程地质条件区划,
四川省九龙县地质灾害详细调查成果报告,主要成果,查明了区内地质灾害的类型，主要有滑坡、不稳定斜坡、崩塌和泥石流等,
四川省九龙县地质灾害详细调查成果报告,主要成果,总结了地质灾害发育特征及分布规律,
四川省九龙县地质灾害详细调查成果报告,主要成果,概划出了河谷岸坡环境工程地质特征，并进行了岸坡稳定性评价分区,
四川省九龙县地质灾害详细调查成果报告,主要成果,进行了地质灾害易发程度分区，划分高易发区、中易发区和低易发区,
四川省九龙县地质灾害详细调查成果报告,主要成果,根据地质灾害易发区和危险性分区结果，将全县划分为地质中重点防治区、次重点防治区和一般防治区，提出了相应的措施建议,
四川省普格县地质灾害调查与区划报告,完成单位,四川省地质矿产勘查开发局,
四川省普格县地质灾害调查与区划报告,项目目的,确定普格县地质灾害的重点防治区和防治重点,
四川省普格县地质灾害调查与区划报告,项目目的,健全群专结合的监测网络,
四川省普格县地质灾害调查与区划报告,项目目的,协助普格县人民政府制定地质灾害防治规划、防灾预案和避险搬迁安置工程规划,
四川省普格县地质灾害调查与区划报告,地理位置,普格县隶属凉山州，面积1918 km²，总人口约12.61万,
四川省普格县地质灾害调查与区划报告,完成工作量,地质灾害调查面积：1918 km²,
四川省普格县地质灾害调查与区划报告,完成工作量,调查路线：213.65 km,
四川省普格县地质灾害调查与区划报告,完成工作量,地质灾害及隐患点：38处,
四川省普格县地质灾害调查与区划报告,主要成果,查明了普格县地质灾害类型主要是泥石流、滑坡和崩塌,
四川省普格县地质灾害调查与区划报告,主要成果,调查核实的地质灾害隐患点38个，其中泥石流20处、滑坡16处、崩塌2处,
四川省普格县地质灾害调查与区划报告,主要成果,地质灾害规模以中、小型为主，中型12处、小型23处、潜在（泥石流）3处,
四川省普格县地质灾害调查与区划报告,主要成果,地质灾害分布受斜坡地貌、岩性等因素控制，形成主要受自然地质环境和暴雨、人为不良工程活动影响,
四川省普格县地质灾害调查与区划报告,主要成果,划分地质灾害易发区3个，亚区9个，其中地质灾害高易发亚区2个、中易发亚区3个、低易发亚区4个,
四川省普格县地质灾害调查与区划报告,主要成果,划分出地质灾害重点防治区1个、次重点防治区2个、一般防治区2个,
四川省普格县地质灾害调查与区划报告,主要成果,通过避险搬迁安置工程调查，确定了搬迁地质灾害隐患点3处，拟搬迁农户94户，调查选择搬迁场地3处，拟安置农户94户,
四川省普格县地质灾害调查与区划报告,主要成果,加强地质环境管理，在地质灾害易发区内进行建设用地地质灾害危险性评估，杜绝人为不良工程活动诱发地质灾害,
四川省南充市仪陇县地质灾害详细调查成果报告一二册,影响因素,受“5.12”汶川特大地震、“4.20”芦山强烈地震、“11.12”康定地震及频发极端天气、不合理人类工程活动等影响,
四川省南充市仪陇县地质灾害详细调查成果报告一二册,地质灾害类型,崩塌、滑坡、泥石流、不稳定斜坡等次生地质灾害,
四川省南充市仪陇县地质灾害详细调查成果报告一二册,调查单位,未提及具体单位名称,
四川省南充市仪陇县地质灾害详细调查成果报告一二册,调查手段,遥感解译、地面调查、测绘和工程勘查,
四川省南充市仪陇县地质灾害详细调查成果报告一二册,调查内容,滑坡、崩塌、泥石流等地质灾害详细调查，评价危害程度，划分易发区和危险区,
四川省南充市仪陇县地质灾害详细调查成果报告一二册,调查测绘面积,全县1:50000调查测绘面积1791km²，重点调查区面积363.3km²，一般调查区面积1427.7km²,
四川省南充市仪陇县地质灾害详细调查成果报告一二册,遥感解译,完成全县1:50000遥感解译面积1791km²，重点场镇及典型小流域1:10000遥感解译73.7km²,
四川省南充市仪陇县地质灾害详细调查成果报告一二册,调查点数量,各类地质灾害点769处、地质环境点136处，解译地质灾害和环境点131处,
四川省南充市仪陇县地质灾害详细调查成果报告一二册,勘查工作,完成典型点勘查及小流域勘查，实测剖面、钻探、浅井等工作,
四川省南充市仪陇县地质灾害详细调查成果报告一二册,其他工作,治理工程复核、宣传培训、数据库数据录入等工作,
“4.20”芦山强烈地震灾区凉山州甘洛县地质灾害详细调查报告,影响因素,2013年“4.20”芦山强烈地震、地质构造复杂、龙门山断裂带上的褶皱和断层发育,
“4.20”芦山强烈地震灾区凉山州甘洛县地质灾害详细调查报告,地质灾害类型,泥石流、不稳定斜坡、滑坡、崩塌等,
“4.20”芦山强烈地震灾区凉山州甘洛县地质灾害详细调查报告,调查单位,四川省峨眉山四零三建设工程公司,
“4.20”芦山强烈地震灾区凉山州甘洛县地质灾害详细调查报告,调查目的,为确保基础设施和灾害区人民群众生命财产安全，开展地质灾害详细调查工作,
“4.20”芦山强烈地震灾区凉山州甘洛县地质灾害详细调查报告,调查手段,1:1万、1:5万测绘、钻探、遥感、物探、取样等工作手段,
“4.20”芦山强烈地震灾区凉山州甘洛县地质灾害详细调查报告,调查结果,灾害隐患点：现发育有地质灾害隐患点194处，包括泥石流沟50条、潜在不稳定斜坡24处、滑坡96处、崩塌24处,
“4.20”芦山强烈地震灾区凉山州甘洛县地质灾害详细调查报告,调查结果,威胁程度：194处地质灾害隐患点威胁财产43743万元，影响人数达19749人,
“4.20”芦山强烈地震灾区凉山州甘洛县地质灾害详细调查报告,调查结果,安置点情况：全县设立12处灾民集中安置点，解决了248户1095人的灾民安置问题,
“4.20”芦山强烈地震灾区凉山州甘洛县地质灾害详细调查报告,数据库建立,建立了甘洛县地质灾害数据库，包括滑坡、崩塌、泥石流、不稳定斜坡等主要特征指标，形成表与表之间的关系,
四川省广安市环境地质遥感综合调查与评价,调查目的,对广安市的地质情况进行综合评估，为预防和治理地质灾害提供依据,
四川省广安市环境地质遥感综合调查与评价,调查单位,四川省地矿厅,
四川省广安市环境地质遥感综合调查与评价,地理位置,广安市，位于四川东部，辖武胜、岳池、邻水三县和广安区、华蓥市，人口425万，面积6343.61平方公里,
四川省广安市环境地质遥感综合调查与评价,调查方法,航空照片、卫星图像和实地踏勘相结合的办法,
四川省广安市环境地质遥感综合调查与评价,调查方法,利用TM卫星数据资料经计算机多种程序处理，编制了质量较高的广安卫星影像图,
四川省广安市环境地质遥感综合调查与评价,调查结果,区内岩土体分为碎屑岩类、碳酸盐岩类和含软弱夹层的特殊岩石类，并将占区内面积80%的碎屑岩细分为四个工程地质岩组,
四川省广安市环境地质遥感综合调查与评价,调查结果,解译和调查了区内地质灾害193处，包括滑坡、崩塌、危岩、泥石流、变形体、地质塌陷和矿渣不稳定堆积体等七种类型,
四川省广安市环境地质遥感综合调查与评价,调查结果,汛期是灾害发生集中时间，收集和调查了区内94处地质灾害，其中滑坡达58起,
四川省广安市环境地质遥感综合调查与评价,调查结果,列出了区内现有91处有潜在危害的地质灾害，并提出了预防和治理建议,
四川省广安市环境地质遥感综合调查与评价,成果水平,该成果达国内领先水平,
四川省内江市矿山地质环境调查评价成果报告,时间,2017年8月23日,
四川省内江市矿山地质环境调查评价成果报告,地点,四川省不动产登记中心,
四川省内江市矿山地质环境调查评价成果报告,内容,公开招标四川省矿山地质环境详细调查项目4标段，中标人为四川乐山二零七建设工程公司，项目中标价2457931元，资金来源为省财政资金。,
四川省内江市矿山地质环境调查评价成果报告,完成主要工作量,资料收集工作,
四川省内江市矿山地质环境调查评价成果报告,完成主要工作量,地质环境背景调查,
四川省内江市矿山地质环境调查评价成果报告,完成主要工作量,矿山基本情况调查,
四川省内江市矿山地质环境调查评价成果报告,完成主要工作量,矿山地质环境问题调查,
四川省内江市矿山地质环境调查评价成果报告,完成主要工作量,1:1万专项环境地质、地质灾害测量277.44平方公里,
四川省内江市矿山地质环境调查评价成果报告,完成主要工作量,1:5万专项环境地质、地质灾害测量207.43平方公里,
四川省内江市矿山地质环境调查评价成果报告,完成主要工作量,共计调查矿山559个,
四川省内江市矿山地质环境调查评价成果报告,完成主要工作量,可控音频大地电磁测深1.05公里,
四川省内江市矿山地质环境调查评价成果报告,完成主要工作量,物探高密度电法1.5公里,
四川省内江市矿山地质环境调查评价成果报告,完成主要工作量,1:1万遥感地质解译165平方公里,
四川省内江市矿山地质环境调查评价成果报告,完成主要工作量,采集土壤样71件，水样56件,
四川省内江市矿山地质环境调查评价成果报告,项目评审情况,时间：2018年1月5日,
四川省内江市矿山地质环境调查评价成果报告,项目评审情况,内容：评审委员会对成果报告进行评审，得分70.5分，质量等级为合格,
四川省内江市矿山地质环境调查评价成果报告,取得的主要成果,完成内江市的在建、生产、闭坑矿山地质环境现状调查评价工作,
四川省内江市矿山地质环境调查评价成果报告,取得的主要成果,查明了矿山地质灾害类型、分布、危害及损失情况,
四川省内江市矿山地质环境调查评价成果报告,取得的主要成果,查明了矿业开发对土地资源的破坏情况,
四川省内江市矿山地质环境调查评价成果报告,取得的主要成果,查明了矿业废渣、废水的污染情况,
四川省内江市矿山地质环境调查评价成果报告,取得的主要成果,初步总结了全区矿山生态环境恢复治理的措施和成功经验,
四川省内江市矿山地质环境调查评价成果报告,取得的主要成果,提出了矿山地质环境保护及矿山生态环境恢复与治理的对策和建议,
四川省内江市矿山地质环境调查评价成果报告,取得的主要成果,为实施内江市矿山地质环境动态监测提供了技术支撑,
四川省内江市矿山地质环境调查评价成果报告,取得的主要成果,对全区矿山地质环境进行了质量综合评价分区,
四川省自贡市矿山地质环境调查评价成果报告,时间,2017年8月23日,
四川省自贡市矿山地质环境调查评价成果报告,地点,四川省,
四川省自贡市矿山地质环境调查评价成果报告,招标单位,四川省不动产登记中心,
四川省自贡市矿山地质环境调查评价成果报告,中标人,四川乐山二零七建设工程公司,
四川省自贡市矿山地质环境调查评价成果报告,中标价,2457931元,
四川省自贡市矿山地质环境调查评价成果报告,任务书编号,川国土资办函[2017]83号,
四川省自贡市矿山地质环境调查评价成果报告,完成主要工作量,资料收集工作,
四川省自贡市矿山地质环境调查评价成果报告,完成主要工作量,地质环境背景调查,
四川省自贡市矿山地质环境调查评价成果报告,完成主要工作量,矿山基本情况调查,
四川省自贡市矿山地质环境调查评价成果报告,完成主要工作量,矿山地质环境问题调查,
四川省自贡市矿山地质环境调查评价成果报告,完成主要工作量,调查范围：遂宁市、资阳市、内江市、自贡市、宜宾市等地,
四川省自贡市矿山地质环境调查评价成果报告,项目评审情况,时间：2018年1月5日,
四川省自贡市矿山地质环境调查评价成果报告,项目评审情况,评审单位：四川省地质环境监测总站,
四川省自贡市矿山地质环境调查评价成果报告,项目评审情况,参与单位：中国地质调查局成都地调中心、四川省冶金地质勘查局606大队、四川省地质矿产勘查开发局106地质队、四川省地质矿产勘查开发局915地质队、成都理工大学,
四川省自贡市矿山地质环境调查评价成果报告,项目评审情况,成果评分：70.5分，质量等级为合格,
四川省自贡市矿山地质环境调查评价成果报告,取得的主要成果,自贡市矿山地质环境现状调查评价工作,
四川省自贡市矿山地质环境调查评价成果报告,取得的主要成果,矿山地质灾害类型、分布、危害及损失情况调查,
四川省自贡市矿山地质环境调查评价成果报告,取得的主要成果,矿业开发对土地资源破坏情况调查,
四川省自贡市矿山地质环境调查评价成果报告,取得的主要成果,矿业废渣、废水污染情况调查,
四川省自贡市矿山地质环境调查评价成果报告,取得的主要成果,矿业开发对地下水系统破坏情况调查,
四川省自贡市矿山地质环境调查评价成果报告,取得的主要成果,提出矿山地质环境保护及矿山生态环境恢复与治理对策和建议,
岷江流域理县地质灾害详细调查成果报告,承担单位,四川省地质调查院,
岷江流域理县地质灾害详细调查成果报告,目标任务,开展岷江流域理县滑坡、崩塌、泥石流等地质灾害详细调查，基本查明区内地质灾害及其隐患发育特征、分布规律以及形成的地质环境条件,
岷江流域理县地质灾害详细调查成果报告,位置,理县，属于四川阿坝藏族羌族自治州所辖,
岷江流域理县地质灾害详细调查成果报告,完成主要工作量,地质灾害调查面积：4318平方公里,
岷江流域理县地质灾害详细调查成果报告,完成主要工作量,调查地质灾害点：358处,
岷江流域理县地质灾害详细调查成果报告,取得的主要成果,对区内环境工程地质条件进行了深入分析和论述,
岷江流域理县地质灾害详细调查成果报告,取得的主要成果,查明了地质灾害类型和发育特征,
岷江流域理县地质灾害详细调查成果报告,取得的主要成果,进行了5.12汶川地震前后地质灾害的对比分析,
岷江流域理县地质灾害详细调查成果报告,取得的主要成果,划分了杂古脑河、孟屯沟岸坡类型为3大类11亚类，并进行了岸坡稳定性评价分区,
岷江流域理县地质灾害详细调查成果报告,取得的主要成果,进行了地质灾害易发程度分区，将理县划分为地质灾害高易发区、中易发区和低易发区,
岷江流域理县地质灾害详细调查成果报告,取得的主要成果,进行了地质灾害防治区划，将全县划分为重点防治区、次重点防治区和一般防治区,
岷江流域理县地质灾害详细调查成果报告,取得的主要成果,建立了理县科技图形库和地质灾害数据库,
云南省宁蒗彝族自治县地质灾害详细调查报告,位置,宁蒗县，位于云南省西北部，东边紧邻四川省盐源县，下辖15个乡镇，面积约6025平方公里,
云南省宁蒗彝族自治县地质灾害详细调查报告,启动时间,2013年,
云南省宁蒗彝族自治县地质灾害详细调查报告,调查单位,云南省地质地调局,
云南省宁蒗彝族自治县地质灾害详细调查报告,工作内容,开展地质灾害详细调查工作，以遥感为先导，地面调查、工程地质测绘、工程勘查为主要手段,
云南省宁蒗彝族自治县地质灾害详细调查报告,目的,基本查明区内地质灾害及其隐患发育特征、分布规律以及形成的地质环境条件，并对其危害程度进行评价,
云南省宁蒗彝族自治县地质灾害详细调查报告,划分与建立,划分地质灾害易发区和危险区，建立群测群防网络和地质灾害信息系统,
云南省宁蒗彝族自治县地质灾害详细调查报告,预期成果,提供基础地质依据，为减灾防灾和制定区域防灾规划提供支持,
四川省2015年绵阳市北川县地质灾害详细调查报告,位置,北川县，隶属于四川省绵阳市管辖,
四川省2015年绵阳市北川县地质灾害详细调查报告,承担单位,四川省地质工程勘察院,
四川省2015年绵阳市北川县地质灾害详细调查报告,调查目的,为了做好地震灾后恢复重建省级规划的地质灾害防治工作，确保人民群众生命财产安全,
四川省2015年绵阳市北川县地质灾害详细调查报告,工作内容,通过遥感解译、地面调查、测绘、勘探及试验等技术手段，开展全县滑坡、崩塌、泥石流等地质灾害详细调查,
四川省2015年绵阳市北川县地质灾害详细调查报告,调查范围,调查总面积为3084km²，包括不同比例尺下的重点调查区、一般调查区和概查区,
四川省2015年绵阳市北川县地质灾害详细调查报告,数据采集,涉及钻探、井探、物探、岩土水样测试等工作,
四川省2015年绵阳市北川县地质灾害详细调查报告,预期成果,提供基础地质依据，为防灾减灾工作提供支持,
四川省2015年绵阳市北川县地质灾害详细调查报告,预期成果,完成工作量与设计工作量基本吻合，达到预期目的，并提高调查工作质量,
四川省主要城市环境地质调查评价报告,承担单位,四川省地质调查院,
四川省主要城市环境地质调查评价报告,目标任务,重点调查城市环境地质问题及社会经济影响和损失；开展地质环境脆弱性评价和功能区划，提出防治对策建议，为国土开发与整治，城市的规划、建设、管理和社会公众对地质环境信息的需求服务。,
四川省主要城市环境地质调查评价报告,完成工作量,环境地质调查5909km²，钻探26275米，水质全分析303组，污染分析239组。,
四川省主要城市环境地质调查评价报告,调查成果,首次全面系统地开展了四川省主要城市的环境地质调查，基本查明了各城市的环境地质条件、地质资源、人类工程经济活动状况及城市发展规划。,
四川省主要城市环境地质调查评价报告,调查成果,确定了地质灾害、水污染和地下水水位下降、不良地基等七种主要环境地质问题，并对问题的存在现状、发生原因和影响危害进行了深入的分析和论述。,
四川省主要城市环境地质调查评价报告,调查成果,采用期望经济损失评估法、恢复费用法、经验估算法等对城市环境地质问题所造成的社会经济损失进行了评估。,
四川省主要城市环境地质调查评价报告,调查成果,对城市地下水资源、地质灾害易发程度、垃圾场、地质环境质量等进行了评价。,
四川省主要城市环境地质调查评价报告,调查成果,在绵阳市进行了城市地质三维空间的探讨，增加了典型城市分析，对资阳、西昌两个城市的规划存在的问题进行了研究。,
四川省主要城市环境地质调查评价报告,调查成果,提出了加强环境保护措施的建议。,
四川省2016年甘孜州理塘县地质灾害详细调查项目成果报告,调查范围,包括理塘县所辖行政区内所有区域，北纬28°59′～30°43′、东经99°42′～100°56′，详查面积14352km²。,
四川省2016年甘孜州理塘县地质灾害详细调查项目成果报告,任务目标,初步查明人类工程活动遇到的和可能诱发的各种主要地质灾害、特殊不良地质环境条件和环境地质问题的发育特征和分布规律，做出现状评价和发展趋势预测，提出防治或适应对策建议。,
四川省2016年甘孜州理塘县地质灾害详细调查项目成果报告,总地质灾害点数,103处,
四川省2016年甘孜州理塘县地质灾害详细调查项目成果报告,平均密度,0.72处/100km²,
四川省2016年甘孜州理塘县地质灾害详细调查项目成果报告,分布情况,泥石流占65.0%、滑坡占21.4%、不稳定斜坡占8.7%、崩塌占4.9%,
四川省2016年甘孜州理塘县地质灾害详细调查项目成果报告,威胁对象,农户、聚居区、交通干线、水利设施、寺庙等,
四川省2016年甘孜州理塘县地质灾害详细调查项目成果报告,受威胁人口及资产,1072户6217人，总资产约42628万元,
四川省2016年甘孜州理塘县地质灾害详细调查项目成果报告,易发区划分,高易发区720.5km²、中易发区3053.6km²、低易发区4350.7km²、不易发区6227.2km²,
四川省2016年甘孜州理塘县地质灾害详细调查项目成果报告,危险性评价分区,危险性大区380.8km²、危险性中等区6462.3km²、危险性小区7508.9km²,
四川省2016年甘孜州理塘县地质灾害详细调查项目成果报告,防治区划分,重点防治区612.5km²、次重点防治区4078.5km²、一般防治区9661.1km²,
四川省2016年甘孜州理塘县地质灾害详细调查项目成果报告,隐患点治理措施建议,工程治理、排危除险、搬迁避让,
四川省2016年甘孜州理塘县地质灾害详细调查项目成果报告,数据库更新,完善四川省地质环境管理系统地质灾害基础数据库,
四川省2016年甘孜州理塘县地质灾害详细调查项目成果报告,系统建立,建立理塘县1:50000地质灾害详细调查信息系统及四川省地质灾害易发区群众防灾避险搬迁安置工程调查与区划空间信息系统,
四川省丹巴县1/5万地质灾害详细调查成果报告,调查内容,自然地理条件分析,
四川省丹巴县1/5万地质灾害详细调查成果报告,调查内容,区域环境地质背景研究,
四川省丹巴县1/5万地质灾害详细调查成果报告,调查内容,地质灾害分布调查,
四川省丹巴县1/5万地质灾害详细调查成果报告,调查内容,地质灾害发育规律综合研究,
四川省丹巴县1/5万地质灾害详细调查成果报告,调查手段,遥感解译,
四川省丹巴县1/5万地质灾害详细调查成果报告,调查手段,地质灾害测量,
四川省丹巴县1/5万地质灾害详细调查成果报告,调查手段,1/2千地质剖面测量,
四川省丹巴县1/5万地质灾害详细调查成果报告,调查手段,典型灾害点工程地质勘查,
四川省丹巴县1/5万地质灾害详细调查成果报告,调查成果,完成全县1:50000调查测绘，涵盖重点调查区、一般调查区和概查区,
四川省丹巴县1/5万地质灾害详细调查成果报告,调查成果,调查各类地质灾害点751处，地质环境点315处,
四川省丹巴县1/5万地质灾害详细调查成果报告,调查成果,遥感解译面积5649平方公里，解译地质灾害142点，不良地质现象28处,
四川省丹巴县1/5万地质灾害详细调查成果报告,地质灾害点统计,总地质灾害点数：751处,
四川省丹巴县1/5万地质灾害详细调查成果报告,地质灾害点统计,平均密度：13.3处/100平方公里,
四川省丹巴县1/5万地质灾害详细调查成果报告,地质灾害点统计,分布情况：滑坡272处、崩塌147处、泥石流235处、不稳定斜坡32处,
四川省丹巴县1/5万地质灾害详细调查成果报告,安全隐患分析,存在安全隐患地质灾害点686处,
四川省丹巴县1/5万地质灾害详细调查成果报告,安全隐患分析,建议取消的地质灾害点65处,
“4.20”芦山强烈地震灾区成都市邛崃市1/5万地质灾害详细调查报告,项目承担方, 四川省地质矿产勘查开发局四0五地质队,
“4.20”芦山强烈地震灾区成都市邛崃市1/5万地质灾害详细调查报告,地理位置, 邛崃市位于四川省西部、成都市西南部,
“4.20”芦山强烈地震灾区成都市邛崃市1/5万地质灾害详细调查报告,调查范围, 全市1:50000调查测绘，重点调查区面积900.83km2，一般调查区面积483.6km2,
“4.20”芦山强烈地震灾区成都市邛崃市1/5万地质灾害详细调查报告,调查成果, 完成各类地质灾害点657处，地质环境点180处；完成19处重点地段1:10000调查测绘，解译地质灾害点、环境点315处,
“4.20”芦山强烈地震灾区成都市邛崃市1/5万地质灾害详细调查报告,典型点勘查, 完成5处典型点勘查,
“4.20”芦山强烈地震灾区成都市邛崃市1/5万地质灾害详细调查报告,实测剖面工作, 完成14.9km/31条实测剖面工作,
“4.20”芦山强烈地震灾区成都市邛崃市1/5万地质灾害详细调查报告,治理工程复核, 完成11处重大治理工程及73处排危除险工程有效性复核,
“4.20”芦山强烈地震灾区成都市邛崃市1/5万地质灾害详细调查报告,地质灾害点统计, 全市共发育地质灾害点657处，其中确认现有地质灾害点数为616处,
“4.20”芦山强烈地震灾区成都市邛崃市1/5万地质灾害详细调查报告,地质灾害类型, 滑坡、崩塌（危岩）、不稳定斜坡、泥石流、地面塌陷等五种灾害类型,
“4.20”芦山强烈地震灾区成都市邛崃市1/5万地质灾害详细调查报告,地质灾害规模, 小型584处，中型34处，大型3处，无特大型灾害点,
县（市）地质灾害调查与区划地质灾害信息系统使用说明,项目承担方, 四川省地质矿产勘查开发局九一五水文地质工程地质队,
县（市）地质灾害调查与区划地质灾害信息系统使用说明,项目目标, 开发一个科学的管理地质灾害信息的系统，实现图形数据和属性数据一体化，操作简便、快捷，发挥GIS的空间信息管理优势,
县（市）地质灾害调查与区划地质灾害信息系统使用说明,主要成果, 开发了适用于地质灾害调查信息采集的软件工具系统，建立了内容较为齐全的地质灾害空间数据看项目标准体系,
县（市）地质灾害调查与区划地质灾害信息系统使用说明,系统功能, 数据采集、图形检索、图形裁剪、信息输出、数据库维护、行政管理、多媒体文件显示等,
县（市）地质灾害调查与区划地质灾害信息系统使用说明,开发工具, 使用MapGis开发库，使用C++语言开发,
县（市）地质灾害调查与区划地质灾害信息系统使用说明,项目应用, 可作为县（市）地质灾害调查与区划项目使用的软件系统,
四川省甘孜州九龙县地质灾害详细调查成果报告,事件,四川省甘孜州九龙县地质灾害详细调查成果报告,
四川省甘孜州九龙县地质灾害详细调查成果报告,影响因素,汶川特大地震、芦山强烈地震、康定地震、频发极端天气、不合理人类工程活动,
四川省甘孜州九龙县地质灾害详细调查成果报告,地质灾害类型,崩塌、滑坡、泥石流、不稳定斜坡,
四川省甘孜州九龙县地质灾害详细调查成果报告,调查内容,滑坡、崩塌、泥石流等地质灾害详细调查，地质灾害及隐患发育特征、分布规律、危害程度评价、易发区和危险区划分、群测群防网络建立、地质灾害信息系统建立,
四川省甘孜州九龙县地质灾害详细调查成果报告,调查数据,1:50000调查测绘面积6770km2，重点调查区面积477km2，一般调查区面积1092.5km2；各类地质灾害点440处、地质环境点404处；1:50000遥感解译面积6770km2，重点场镇及典型小流域1:10000遥感解译100km2，解译地质灾害109处，不良地质现象28处等,
四川省甘孜州九龙县地质灾害详细调查成果报告,调查成果,物探解译剖面2.04km，1,2000剖面31.8km/26条，钻探施工609.2m/21孔，浅井101.8m/34口，水样8件，岩土样共30组；已实施治理工程复核8处，完成汛期指导、地质环境地质灾害基础数据库数据录入等工作
云南省盐津县地质灾害调查与区划报告,项目名称,云南省盐津县地质灾害调查与区划,
云南省盐津县地质灾害调查与区划报告,完成单位,云南省地质环境监测总站,
云南省盐津县地质灾害调查与区划报告,目标任务,开展盐津县地质灾害调查，查明全县地质灾害隐患，划出地质灾害易发区，建立地质灾害信息系统，建立群专结合的群测群防网络,
云南省盐津县地质灾害调查与区划报告,地理位置,盐津县位于云南省东北部与四川省交界处，辖3个镇9个乡，84个行政村，2573个村民小组,
云南省盐津县地质灾害调查与区划报告,工作量,地质灾害调查面积2091km2，调查路线长度4450km，建立滑坡档案157个，建立泥石流档案15条,
云南省盐津县地质灾害调查与区划报告,主要成果,阐述了区内的地理地质特征,
云南省盐津县地质灾害调查与区划报告,主要成果,详细论述了地质灾害类型、空间分布规律、发育特征及危害程度,
云南省盐津县地质灾害调查与区划报告,主要成果,分析地质灾害的形成原因及影响因素,
云南省盐津县地质灾害调查与区划报告,主要成果,运用数学分析技术进行易发程度分区，划分为高易发区、中易发区、低易发区,
云南省盐津县地质灾害调查与区划报告,主要成果,提出重要地质灾害隐患点的防灾预案建议,
云南省盐津县地质灾害调查与区划报告,主要成果,合理评估各类地质灾害的经济损失,
云南省盐津县地质灾害调查与区划报告,主要成果,建立地质灾害信息系统，提供快速手段用于动态管理、查询、统计、分析、减灾、防灾措施制定、生态环境治理、政府规划决策,
特大型突发地质灾害调查评价成果报告,调查范围,涉及贵州省贵阳市云岩区、陕西省山阳县、广东深圳光明新区、四川省峨眉山市、辽宁省抚顺市等地区的地质灾害事件,
特大型突发地质灾害调查评价成果报告,技术方法,地面调查,
特大型突发地质灾害调查评价成果报告,技术方法,无人机遥感调查,
特大型突发地质灾害调查评价成果报告,技术方法,三维激光扫描,
特大型突发地质灾害调查评价成果报告,技术方法,GPS定位,
特大型突发地质灾害调查评价成果报告,技术方法,室内试验,
特大型突发地质灾害调查评价成果报告,技术方法,原位试验,
特大型突发地质灾害调查评价成果报告,技术方法,室内数值模拟,
特大型突发地质灾害调查评价成果报告,完成任务,应急响应技术支撑任务,
特大型突发地质灾害调查评价成果报告,完成任务,滑坡灾害避险案例补充调查,
特大型突发地质灾害调查评价成果报告,完成任务,滑坡险情的跟踪观测,
特大型突发地质灾害调查评价成果报告,完成任务,典型区域补充调查研究,
特大型突发地质灾害调查评价成果报告,成果,收集整理全国重大地质灾害应急案例,
特大型突发地质灾害调查评价成果报告,成果,编制2015年重大地质灾害分布图和典型地质灾害图集,
特大型突发地质灾害调查评价成果报告,参与活动,参加国家综合减灾论坛,
特大型突发地质灾害调查评价成果报告,参与活动,提交学术论文和做专题学术报告,
特大型突发地质灾害调查评价成果报告,参与活动,为地质灾害应急抢险队进行培训,
特大型突发地质灾害调查评价成果报告,考核指标,完成项目各项考核指标,
四川省2015年阿坝州九寨沟县地质灾害详细调查成果报告,调查范围,九寨沟县所辖行政区内所有区域，坐标东经103°27′-104°26′，北纬32°53′-33°43′之间，详查面积5286km2。,
四川省2016年阿坝州九寨沟县地质灾害详细调查成果报告,调查手段,资料收集、遥感解译基础上采用地质调查测绘、线路穿越调查、典型点勘查解剖等手段。,
四川省2017年阿坝州九寨沟县地质灾害详细调查成果报告,地理位置,九寨沟县地处四川省西部地槽区岷山山脉北段的复背斜上，构成复杂，属新构造运动强烈区。,
四川省2018年阿坝州九寨沟县地质灾害详细调查成果报告,区域特征,位于青藏高原与四川盆地的大地貌单元过渡的深切割高山峡谷地带，地貌类型复杂多样。,
四川省2019年阿坝州九寨沟县地质灾害详细调查成果报告,地质灾害情况,共育有地质灾害点403处，其中泥石流189处，不稳定斜坡34处，崩塌116处，滑坡64处，共威胁6686户28436人。,
四川省2020年阿坝州九寨沟县地质灾害详细调查成果报告,易发程度与危险性评价,划分为地质灾害高、中、低3个易发区15个亚区，危险性大、中、小3个分区及17个亚区。,
四川省2021年阿坝州九寨沟县地质灾害详细调查成果报告,防治区划,重点防治区、次重点防治区和一般防治区划分及面积。,
云南省水富县1/5万地质灾害详细调查报告,项目概述,任务介绍,
云南省水富县1/6万地质灾害详细调查报告,项目概述,地理与经济概况,
云南省水富县1/7万地质灾害详细调查报告,项目概述,环境地质问题与灾害,
云南省水富县1/8万地质灾害详细调查报告,项目概述,调查工作评述,
云南省水富县1/9万地质灾害详细调查报告,地质环境条件,地形地貌,
云南省水富县1/10万地质灾害详细调查报告,地质环境条件,气象水文,
云南省水富县1/11万地质灾害详细调查报告,地质环境条件,地层岩性,
云南省水富县1/12万地质灾害详细调查报告,地质环境条件,地质构造,
云南省水富县1/13万地质灾害详细调查报告,地质环境条件,新构造运动与地震,
云南省水富县1/14万地质灾害详细调查报告,地质环境条件,地质-水文地质概况,
云南省水富县1/15万地质灾害详细调查报告,地质环境条件,人类工程经济活动,
云南省水富县1/16万地质灾害详细调查报告,地质灾害特征,灾害类型,
云南省水富县1/17万地质灾害详细调查报告,地质灾害特征,发育特征,
云南省水富县1/18万地质灾害详细调查报告,地质灾害特征,分布规律,
云南省水富县1/19万地质灾害详细调查报告,专题论述,典型地质灾害剖析,
云南省水富县1/20万地质灾害详细调查报告,专题论述,金沙江及横江干流岸坡稳定性分析评价,
云南省水富县1/21万地质灾害详细调查报告,地质灾害区划与分区评价,易发程度与危险程度评价,
云南省水富县1/22万地质灾害详细调查报告,地质灾害防治规划建议,监测预警工作评述,
云南省水富县1/23万地质灾害详细调查报告,地质灾害防治规划建议,搬迁和治理工程情况评述,
云南省水富县1/24万地质灾害详细调查报告,地质灾害防治规划建议,隐患点核实及调整建议,
云南省水富县1/25万地质灾害详细调查报告,地质灾害防治规划建议,防灾预案及规划建议,
云南省水富县1/26万地质灾害详细调查报告,地质灾害信息系统,数据库与信息系统工作方法,
云南省水富县1/27万地质灾害详细调查报告,地质灾害信息系统,入库数据格式说明,
云南省水富县1/28万地质灾害详细调查报告,地质灾害信息系统,图层投影方式说明,
云南省水富县1/29万地质灾害详细调查报告,结论,地质灾害发育规律总结,
云南省水富县1/30万地质灾害详细调查报告,结论,易发区和危险区指出,
云南省水富县1/31万地质灾害详细调查报告,结论,工作中存在问题提出,
云南省水富县1/32万地质灾害详细调查报告,结论,后续工作建议,
“4.20”芦山强烈地震灾区雅安市汉源县地质灾害详细调查报告：一二册,灾区地点：雅安市汉源县,,
“4.21”芦山强烈地震灾区雅安市汉源县地质灾害详细调查报告：一二册,内容,系统全面论述与总结,
“4.22”芦山强烈地震灾区雅安市汉源县地质灾害详细调查报告：一二册,内容,地质环境条件分析,
“4.23”芦山强烈地震灾区雅安市汉源县地质灾害详细调查报告：一二册,内容,地质灾害现状描述,
“4.24”芦山强烈地震灾区雅安市汉源县地质灾害详细调查报告：一二册,内容,地质灾害类型及发育特征,
“4.25”芦山强烈地震灾区雅安市汉源县地质灾害详细调查报告：一二册,内容,分布规律分析,
“4.26”芦山强烈地震灾区雅安市汉源县地质灾害详细调查报告：一二册,内容,灾情和险性评价,
“4.27”芦山强烈地震灾区雅安市汉源县地质灾害详细调查报告：一二册,内容,预防措施建议,
“4.28”芦山强烈地震灾区雅安市汉源县地质灾害详细调查报告：一二册,内容,建立地质灾害数据库和信息系统,
“4.29”芦山强烈地震灾区雅安市汉源县地质灾害详细调查报告：一二册,调查结果,地质灾害隐患点427处,
“4.30”芦山强烈地震灾区雅安市汉源县地质灾害详细调查报告：一二册,调查结果,直接经济损失：5915.6万元,
“4.31”芦山强烈地震灾区雅安市汉源县地质灾害详细调查报告：一二册,调查结果,死亡人数：300余人,
“4.32”芦山强烈地震灾区雅安市汉源县地质灾害详细调查报告：一二册,调查结果,威胁财产：99452万元,
“4.33”芦山强烈地震灾区雅安市汉源县地质灾害详细调查报告：一二册,调查结果,威胁人数：27794人,
“4.34”芦山强烈地震灾区雅安市汉源县地质灾害详细调查报告：一二册,调查方法,遥感解译,
“4.35”芦山强烈地震灾区雅安市汉源县地质灾害详细调查报告：一二册,调查方法,地质调查,
“4.36”芦山强烈地震灾区雅安市汉源县地质灾害详细调查报告：一二册,调查方法,勘查,
“4.37”芦山强烈地震灾区雅安市汉源县地质灾害详细调查报告：一二册,防灾措施,防灾预案及防治规划建议,
“4.38”芦山强烈地震灾区雅安市汉源县地质灾害详细调查报告：一二册,防灾措施,知识培训,
四川省2016年巴中市南江县地质灾害详细调查成果报告,位置,四川盆地北缘米仓山南麓,
四川省2017年巴中市南江县地质灾害详细调查成果报告,地理坐标,东经106°27′～107°08′，北纬31°53′～32°45′,
四川省2018年巴中市南江县地质灾害详细调查成果报告,面积,3383km2,
四川省2019年巴中市南江县地质灾害详细调查成果报告,下辖行政区划,48个乡(镇)，522个行政村，2411个村民小组,
四川省2020年巴中市南江县地质灾害详细调查成果报告,总人口,约71万人,
四川省2021年巴中市南江县地质灾害详细调查成果报告,断裂构造,滥柴坝断裂,
四川省2022年巴中市南江县地质灾害详细调查成果报告,褶皱构造,中子山复向斜、上两复背斜、过马滩向斜、沙滩背斜、新华向斜、龙凤场背斜,
四川省2023年巴中市南江县地质灾害详细调查成果报告,地层主要包括,千佛岩组（J2q）、侏罗系沙溪庙组（J2s）、遂宁组（J2sn）、蓬莱镇组（J3p）、白垩系白龙组（K1b）、苍溪组（K1c）和第四系地层等,
四川省2024年巴中市南江县地质灾害详细调查成果报告,调查区面积,3383km2,
四川省2025年巴中市南江县地质灾害详细调查成果报告,调查手段,资料收集、遥感解译、地面调查、钻探、物探、探井（槽）、地形测量、室内测试等多种手段,
四川省2026年巴中市南江县地质灾害详细调查成果报告,完成的调查内容,包括遥感解译面积、地质灾害点数、地质环境点数、地形图测量、工程地质测绘等,
四川省2027年巴中市南江县地质灾害详细调查成果报告,防灾措施,建立或完善防灾预案、防灾明白卡、避险明白卡,
四川省2028年巴中市南江县地质灾害详细调查成果报告,防灾措施,地质灾害详细调查信息系统的建立,
四川省2029年巴中市南江县地质灾害详细调查成果报告,防灾措施,地质灾害易发区群众防灾避险搬迁安置工程调查与区划空间信息系统的建立,
四川省2030年巴中市南江县地质灾害详细调查成果报告,其他重要信息,对南江镇、东榆镇进行了综合调查,
四川省2031年巴中市南江县地质灾害详细调查成果报告,其他重要信息,对已实施的地质灾害治理工程和地质灾害应急排危工程进行了复核评价,
四川省2032年巴中市南江县地质灾害详细调查成果报告,其他重要信息,开展了地质灾害易发程度分区评价,
横江镇H48E021010 1/5万地质图说明书,完成单位,四川省地质矿产勘查开发局,
横江镇H48E021010 1/6万地质图说明书,目的,提高沉积地层研究程度,
横江镇H48E021010 1/7万地质图说明书,目的,为建设部门提供工程、水文、环境地质基础依据,
横江镇H48E021010 1/8万地质图说明书,测区范围,跨越四川宜宾县、屏山县、高县，云南昭通地区水富县及缓江县,
横江镇H48E021010 1/9万地质图说明书,完成工作量,填图面积：451.77km2,
横江镇H48E021010 1/10万地质图说明书,完成工作量,地质点数：606个,
横江镇H48E021010 1/11万地质图说明书,完成工作量,路线长度：500km,
横江镇H48E021010 1/12万地质图说明书,完成工作量,1:5千剖面测量长度：13.81km,
横江镇H48E021010 1/13万地质图说明书,完成工作量,样品数量：16件,
横江镇H48E021010 1/14万地质图说明书,完成工作量,钻探深度：3363.34m,
横江镇H48E021010 1/15万地质图说明书,完成工作量,坑探深度：714.99m,
横江镇H48E021010 1/16万地质图说明书,主要成果,确定各组的界线、岩石及组合、厚度、延性、基本层序及含矿性、工程物理力学特征,
横江镇H48E021010 1/17万地质图说明书,主要成果,建立了两个生物组合带,
横江镇H48E021010 1/18万地质图说明书,主要成果,划分多个层序界面,
横江镇H48E021010 1/19万地质图说明书,主要成果,分析褶皱、断裂和节理的分布,
横江镇H48E021010 1/20万地质图说明书,主要成果,进行了初步的喜马拉雅期构造活动分析,
横江镇H48E021010 1/21万地质图说明书,主要成果,阐述了区内红层盆地的发展史,
横江镇H48E021010 1/22万地质图说明书,主要成果,进行了环境地质、水文地质、工程地质调查,
横江镇H48E021010 1/23万地质图说明书,主要成果,划分了三个工程地质分区,
横江镇H48E021010 1/24万地质图说明书,主要成果,圈出了28个滑坡体，8个崩塌体，提供了地质灾害体分布、规模等详实资料,
横江镇H48E021010 1/25万地质图说明书,主要成果,进行了农业地质调查，划分了土壤类别，分析了土壤养分含量和农作物适宜性,
横江镇H48E021010 1/26万地质图说明书,主要成果,进行了旅游资源调查，提供了石城山、园通寺风景区和水富县滩坝地热泉的规划决策资料,
云南省楚雄市地质灾害详细调查报告,承担单位,四川省地质工程集团公司,
云南省楚雄市地质灾害详细调查报告,完成时间,2015年,
云南省楚雄市地质灾害详细调查报告,专家评标,由云南省公共资源交易中心组织专家委员会评标确定中标单位,
云南省楚雄市地质灾害详细调查报告,报告内容,总字数：15万余字,
云南省楚雄市地质灾害详细调查报告,报告内容,附图数量：12张,
云南省楚雄市地质灾害详细调查报告,报告内容,附件数量：7套（册）,
云南省楚雄市地质灾害详细调查报告,报告章节和主要内容,序言：介绍项目任务、自然地理及社会经济概况、环境地质问题与地质灾害、以往调查工作情况、工作基本过程和质量评述。,
云南省楚雄市地质灾害详细调查报告,报告章节和主要内容,地质环境条件：介绍地形地貌、气象水文、地层岩性、地质构造、新构造运动与地震、地质-水文地质概况及人类工程经济活动。,
云南省楚雄市地质灾害详细调查报告,报告章节和主要内容,地质灾害特征：介绍地质灾害类型、发育特征及分布规律、诱发因素、造成危害与影响。,
云南省楚雄市地质灾害详细调查报告,报告章节和主要内容,专题论述：典型地质灾害剖析和重要场镇及交通干线地质灾害风险性评价。,
云南省楚雄市地质灾害详细调查报告,报告章节和主要内容,地质灾害区划与分区评价：从地质灾害易发程度与危险程度两个方面进行区划及评价。,
云南省楚雄市地质灾害详细调查报告,报告章节和主要内容,地质灾害防治规划建议：对地质灾害监测预警工作的评述，总结经验，指出问题，并提出防治规划建议。,
云南省楚雄市地质灾害详细调查报告,报告章节和主要内容,地质灾害信息系统：介绍地质灾害数据库与信息系统的工作方法及流程、对入库数据格式、图层投影方式等情况的说明。,
云南省楚雄市地质灾害详细调查报告,报告章节和主要内容,结论：总结地质灾害发育规律及形成的地质环境条件、易发区、危险区及重要场镇和交通干线的地质灾害风险性评价，指出工作中存在的问题，并提出建议。,
四川省2016年阆中市1/5万地质灾害详细调查项目成果报告,地理位置,阆中市位于四川盆地北部边缘，嘉陵江中游，行政上隶属于南充市管辖。地理坐标为东经105°41′～106°24′，北纬31°22′～31°51′。,
四川省2016年阆中市1/6万地质灾害详细调查项目成果报告,地质灾害调查范围,2016年，四川省决定开展包括川西高原区、秦巴山区、攀西地区及一般地区壤塘县、会东县、九龙县、邻水县、通江县等41县（市）全市域的1∶50000地质灾害详细调查工作。,
四川省2016年阆中市1/7万地质灾害详细调查项目成果报告,阆中市地质灾害情况,根据地质灾害详细调查，阆中市累计查明确定地质灾害隐患点247处，包括滑坡、崩塌、不稳定斜坡等类型。分析基础上将阆中地灾易发程度划分为高易发区、中易发区和低易发区，共10个亚区。,
四川省2016年阆中市1/8万地质灾害详细调查项目成果报告,经济情况,阆中市国民经济平稳增长，2015年实现地方生产总值1788278万元，其中第一产业、第二产业和第三产业增加值分别为434261万元、841673万元和512344万元。,
四川省2016年阆中市1/9万地质灾害详细调查项目成果报告,调查方法,阆中市地质灾害详细调查采用的工作方法主要有资料收集、遥感解译、地质灾害调查测绘、地形测量和工程地质测绘、钻探、山地工程、测试和试验等。,
岷江上游生态环境地质调查工作小结：专题研究之六,承担单位,四川省地质调查局,
岷江上游生态环境地质调查工作小结：专题研究之六,目标任务,评价岷江上游地区地质环境的控制影响作用，为生态环境建设合理布局提供地质依据,
岷江上游生态环境地质调查工作小结：专题研究之六,目标任务,评价岷江上游地区地下水（尤其是浅层地下水）赋存及动态特征与生态环境质量间的影响关系，为建设“生态水库”提供水文地质依据,
岷江上游生态环境地质调查工作小结：专题研究之六,目标任务,分析地质灾害对生态环境的破坏与再造规律性，指导科学治理地质灾害,
岷江上游生态环境地质调查工作小结：专题研究之六,目标任务,评价地质环境的适宜性和容许度，为该地区社会经济的可持续发展提出建议,
岷江上游生态环境地质调查工作小结：专题研究之六,完成工作量,实地观测记录各类调查点301个,
岷江上游生态环境地质调查工作小结：专题研究之六,完成工作量,观测路线长度750公里,
岷江上游生态环境地质调查工作小结：专题研究之六,完成工作量,实地采集水样19件,
岷江上游生态环境地质调查工作小结：专题研究之六,主要成果,基本查明了生态系统类型及分布以及其与地质环境的对应关系,
岷江上游生态环境地质调查工作小结：专题研究之六,主要成果,生态环境地质问题的主要类型及其分布范围,
岷江上游生态环境地质调查工作小结：专题研究之六,主要成果,不同类型的人类工程活动在不同地质环境条件下对生态系统的改变程度（改善或破坏）,
三峡库区长寿县地质灾害综合调查及监测预警系统建设报告,承担单位,四川省地矿局九一五水文地质工程地质队,
三峡库区长寿县地质灾害综合调查及监测预警系统建设报告,工作目的,查明长寿县域的地质灾害隐患点的危险性和危害性,
三峡库区长寿县地质灾害综合调查及监测预警系统建设报告,工作目的,划出长寿县域的地质灾害容易发生的区域，建立地质灾害信息系统,
三峡库区长寿县地质灾害综合调查及监测预警系统建设报告,工作目的,建立地质灾害监测网络，编制地质灾害防治规划，有计划有步骤地开展地质灾害防治，促进社会进步和国民经济建设发展,
三峡库区长寿县地质灾害综合调查及监测预警系统建设报告,工作目的,为三峡工程建设和西部大开发提供地质灾害资料依据,
三峡库区长寿县地质灾害综合调查及监测预警系统建设报告,完成工作量,调查面积：1415平方公里,
三峡库区长寿县地质灾害综合调查及监测预警系统建设报告,完成工作量,调查路线长度：4500公里,
三峡库区长寿县地质灾害综合调查及监测预警系统建设报告,完成工作量,调查各类地质点数：239个（其中控制地质点36个，地质灾害点203个）,
三峡库区长寿县地质灾害综合调查及监测预警系统建设报告,主要成果,阐述了长寿县的地质环境条件和地质灾害的发育规律,
三峡库区长寿县地质灾害综合调查及监测预警系统建设报告,主要成果,统计分析了地质灾害的分布数量、类型、面积、体积,
三峡库区长寿县地质灾害综合调查及监测预警系统建设报告,主要成果,对崩塌、滑坡进行了分析研究，包括对典型滑坡和典型危岩的论述和分析研究,
三峡库区长寿县地质灾害综合调查及监测预警系统建设报告,主要成果,经济损失现状评估和预评估，地质灾害易发程度分区,
三峡库区长寿县地质灾害综合调查及监测预警系统建设报告,主要成果,划分了危险区，进行了地质灾害防治分区和防治措施的提出,
三峡库区长寿县地质灾害综合调查及监测预警系统建设报告,主要成果,初步建立了库区群测群防监测网，设置监测点并编制了地质灾害防灾预案,
华蓥山地区地质灾害监测预警示范区成果报告,项目名称,华蓥山地区地质灾害监测预警示范区成果报告,
华蓥山地区地质灾害监测预警示范区成果报告,项目类型,典型地质灾害监测预警与示范治理,
华蓥山地区地质灾害监测预警示范区成果报告,项目编码,1.21201E+12,
华蓥山地区地质灾害监测预警示范区成果报告,实施单位,中国地质环境监测院，承担单位为四川省地质环境监测总站，参加单位包括广安市地质环境监测站和达州市地质环境监测站,
华蓥山地区地质灾害监测预警示范区成果报告,工作周期,2008年-2010年，共3年,
华蓥山地区地质灾害监测预警示范区成果报告,工作经费,640万元,
华蓥山地区地质灾害监测预警示范区成果报告,技术应用,应用3S、计算机图像处理等新技术，采用区域路线调查、重点块段调查和专题调查相结合的方法进行综合地质灾害调查,
华蓥山地区地质灾害监测预警示范区成果报告,监测设备,使用雨量计、伸缩仪、深部位移计、水位计等设备,
华蓥山地区地质灾害监测预警示范区成果报告,研究内容,滑坡、泥石流地质灾害变形特征研究与监测、成灾机理研究与监测、地质灾害主要控制因素研究与监测,
华蓥山地区地质灾害监测预警示范区成果报告,系统开发,基于Web-GIS的预警分析和信息发布系统,
华蓥山地区地质灾害监测预警示范区成果报告,主要成果,单体地质灾害监测专项报告,
华蓥山地区地质灾害监测预警示范区成果报告,主要成果,专业监测数据分析图表,
华蓥山地区地质灾害监测预警示范区成果报告,主要成果,详细调查报告,
华蓥山地区地质灾害监测预警示范区成果报告,主要成果,典型地质灾害勘查报告,
华蓥山地区地质灾害监测预警示范区成果报告,主要成果,地质灾害遥感综合调查报告,
华蓥山地区地质灾害监测预警示范区成果报告,主要成果,地质灾害预警分析与信息发布系统专题报告,
华蓥山地区地质灾害监测预警示范区成果报告,主要成果,地质灾害易发程度分区图,
华蓥山地区地质灾害监测预警示范区成果报告,主要成果,地质灾害防治规划图,
云南省富民县地质灾害详细调查报告,地理位置, 位于扬子准地台西部，在武定-富民台拱东缘与昆明坳西缘的接合部位,
云南省富民县地质灾害详细调查报告,地质特征,受西部罗次大断裂、东部小江断裂和普渡河深大断裂影响，褶皱及断裂构造发育,
云南省富民县地质灾害详细调查报告,地质特征,受地质环境和人类工程活动影响，地质灾害呈逐年上升趋势,
云南省富民县地质灾害详细调查报告,调查单位, 四川省地质工程集团公司,
云南省富民县地质灾害详细调查报告,报告内容,序言： 介绍项目任务、地理概况、地质灾害等,
云南省富民县地质灾害详细调查报告,报告内容,地质环境条件： 地形地貌、气象水文、地层岩性、地质构造等,
云南省富民县地质灾害详细调查报告,报告内容,地质灾害特征： 类型、发育特征、形成条件及分布规律,
云南省富民县地质灾害详细调查报告,报告内容,专题分析： 典型地质灾害分析、小流域综合评价,
云南省富民县地质灾害详细调查报告,报告内容,地质灾害区划与分区评价： 易发程度与危险程度的区划及评价,
云南省富民县地质灾害详细调查报告,报告内容,地质灾害防治规划建议： 监测预警工作评述、隐患点核实、防治规划建议等,
云南省富民县地质灾害详细调查报告,报告内容,地质灾害信息系统： 数据库与信息系统的工作方法及流程,
云南省富民县地质灾害详细调查报告,报告内容,结论： 总结地质灾害发育规律、易发区和危险区，提出建议,
岷江上游1/25万生态环境地质调查报告,完成单位, 四川省地质调查院,
岷江上游1/26万生态环境地质调查报告,目标任务,完成岷江上游1:25万生态环境地质调查，面积23000平方公里,
岷江上游1/27万生态环境地质调查报告,目标任务,查明岷江上游的生态环境地质现状及发展趋势,
岷江上游1/28万生态环境地质调查报告,目标任务,提出该地区生态环境保护和建设的对策,
岷江上游1/29万生态环境地质调查报告,地理位置, 位于四川省的西北部，隶属阿坝藏族羌族自治州的汶川、茂县、理县、黑水和松潘县,
岷江上游1/30万生态环境地质调查报告,完成工作量,区域生态环境地质调查面积23000平方公里,
岷江上游1/31万生态环境地质调查报告,完成工作量,槽探：100立方米,
岷江上游1/32万生态环境地质调查报告,完成工作量,岩、土、水样共112件,
岷江上游1/33万生态环境地质调查报告,完成工作量,陆地γ测试5平方公里,
岷江上游1/34万生态环境地质调查报告,主要成果,阐明了岷江上游地区生态环境地质类型和地质环境的控制作用,
岷江上游1/35万生态环境地质调查报告,主要成果,评价地下水与生态环境质量间的影响关系,
岷江上游1/36万生态环境地质调查报告,主要成果,分析地质灾害对生态环境的破坏与再造的规律性,
岷江上游1/37万生态环境地质调查报告,主要成果,评价地质环境的适宜性和容许度，提出社会经济可持续发展建议,
岷江上游1/38万生态环境地质调查报告,主要成果,利用GIS技术建立的岷江上游生态地质环境信息系统，能够管理统计、检索和处理生态地质环境地质信息数据，为实现生态,
云南省永善县地质灾害详细调查成果报告,地理位置,云南省永善县位于云南省东北部，金沙江南东岸，昭通北部，隶属于昭通地区，总面积2789km2。,
云南省永善县地质灾害详细调查成果报告,人口统计,全县辖8镇7乡142个村（居）委会，总户数145597户，总人口462951人。,
云南省永善县地质灾害详细调查成果报告,地质特征,永善县地处金沙江下游东南岸五莲峰山系段上，地质构造复杂，褶皱和断裂发育，地势陡峭，沟谷纵横，地质环境脆弱，地质灾害频发，滑坡、崩塌、泥石流等为主要灾害类型。,
云南省永善县地质灾害详细调查成果报告,调查工作,由四川省煤田地质工程勘察设计研究院中标进行1:5万地质灾害详细调查工作。,
云南省永善县地质灾害详细调查成果报告,调查工作,项目从2014年3月20日开始，历经现场踏勘、进场工作、设计评审、野外作业、验收和报告评审等阶段。,
云南省永善县地质灾害详细调查成果报告,调查工作,项目组基于前人调查成果，遵循相关规范要求，对地质灾害进行遥感综合调查和野外调查验证。,
云南省永善县地质灾害详细调查成果报告,调查成果,全面查明了地质灾害及隐患的特征、规律、形成条件，评价了发展趋势和危害程度。,
云南省永善县地质灾害详细调查成果报告,调查成果,划分了地质灾害易发区、危险区和防治分区，提出了地质灾害防治规划建议稿，建立了地质灾害信息系统数据库，完善了地质灾害群测群防网络。,
云南省易门县地质灾害详细调查报告,项目概况,项目任务,
云南省易门县地质灾害详细调查报告,项目概况,自然地理及社会经济概况,
云南省易门县地质灾害详细调查报告,项目概况,环境地质问题与地质灾害,
云南省易门县地质灾害详细调查报告,项目概况,过往调查工作程度,
云南省易门县地质灾害详细调查报告,项目概况,工作基本过程和质量评述,
云南省易门县地质灾害详细调查报告,地质环境条件,地形地貌,
云南省易门县地质灾害详细调查报告,地质环境条件,气象水文,
云南省易门县地质灾害详细调查报告,地质环境条件,地层岩性,
云南省易门县地质灾害详细调查报告,地质环境条件,地质构造,
云南省易门县地质灾害详细调查报告,地质环境条件,新构造运动与地震,
云南省易门县地质灾害详细调查报告,地质环境条件,地质-水文地质概况,
云南省易门县地质灾害详细调查报告,地质环境条件,人类工程经济活动,
云南省易门县地质灾害详细调查报告,地质灾害特征,类型,
云南省易门县地质灾害详细调查报告,地质灾害特征,发育特征,
云南省易门县地质灾害详细调查报告,地质灾害特征,分布规律,
云南省易门县地质灾害详细调查报告,专题分析,典型地质灾害剖析,
云南省易门县地质灾害详细调查报告,专题分析,金沙江及横江干流岸坡稳定性分析评价,
云南省易门县地质灾害详细调查报告,专题分析,地质灾害风险性评价,
云南省易门县地质灾害详细调查报告,地质灾害区划与分区评价,区划及评价依据地质灾害易发程度与危险程度,
云南省易门县地质灾害详细调查报告,地质灾害防治规划建议,地质灾害监测预警工作评述,
云南省易门县地质灾害详细调查报告,地质灾害防治规划建议,搬迁和治理工程情况评述,
云南省易门县地质灾害详细调查报告,地质灾害防治规划建议,隐患点调整建议,
云南省易门县地质灾害详细调查报告,地质灾害防治规划建议,地质灾害防灾预案及防治规划建议,
云南省易门县地质灾害详细调查报告,地质灾害信息系统建设,数据库与信息系统的工作方法及流程,
云南省易门县地质灾害详细调查报告,地质灾害信息系统建设,入库数据格式,
云南省易门县地质灾害详细调查报告,地质灾害信息系统建设,图层投影方式,
云南省易门县地质灾害详细调查报告,结论,易门县地质灾害发育规律,
云南省易门县地质灾害详细调查报告,结论,形成的地质环境条件,
云南省易门县地质灾害详细调查报告,结论,易发区和危险区及重要人类工程活动建设的地质灾害风险性评价,
云南省易门县地质灾害详细调查报告,结论,工作中存在的问题,
云南省易门县地质灾害详细调查报告,结论,以后工作的建议,
黑水河流域生态环境地质重点调查工作总结：专题研究之三,完成单位, 四川省地质调查院,
黑水河流域生态环境地质重点调查工作总结：专题研究之三,目标,评价岷江上游地区地质环境的控制影响作用,
黑水河流域生态环境地质重点调查工作总结：专题研究之三,目标,提供地质依据为生态环境建设合理布局,
黑水河流域生态环境地质重点调查工作总结：专题研究之三,目标,评价地下水赋存及动态特征与生态环境质量影响关系,
黑水河流域生态环境地质重点调查工作总结：专题研究之三,目标,提供水文地质依据改善水资源分布不合理和枯期水量逐年下降状况,
黑水河流域生态环境地质重点调查工作总结：专题研究之三,目标,分析地质灾害对生态环境的破坏与再造规律性，指导科学治理地质灾害,
黑水河流域生态环境地质重点调查工作总结：专题研究之三,目标,评价地质环境适宜性和容许度，为社会经济可持续发展提出建议,
黑水河流域生态环境地质重点调查工作总结：专题研究之三,工作区位, 黑水县和茂县两个行政区，黑水河为岷江上游重要支流，流域面积4313平方公里,
黑水河流域生态环境地质重点调查工作总结：专题研究之三,主要成果,通过野外实地调查，查明区内生态系统类型及分布与地质环境关系,
黑水河流域生态环境地质重点调查工作总结：专题研究之三,主要成果,查明区内存在的主要生态环境地质问题,
黑水河流域生态环境地质重点调查工作总结：专题研究之三,主要成果,成果表现在生态环境地质调查认识、新技术新方法应用、调查成果资料三部分,
四川省2016年凉山州西昌市地质灾害详细调查项目成果报告,调查范围,西昌市行政区内所有区域，范围为东经101°46'～102°25'、北纬27°32'～28°10'，面积约2655km²。,
四川省2017年凉山州西昌市地质灾害详细调查项目成果报告,调查手段,资料收集、遥感解译、地质调查测绘、线路穿越调查、典型点勘查解剖等方法。,
四川省2018年凉山州西昌市地质灾害详细调查项目成果报告,灾害点统计,共发育地质灾害点276处，主要包括滑坡、泥石流、不稳定斜坡和崩塌。,
四川省2019年凉山州西昌市地质灾害详细调查项目成果报告,威胁对象,包括农户、景区、河道、公路等，威胁资产约80757万元。,
四川省2020年凉山州西昌市地质灾害详细调查项目成果报告,地质环境特征,划分为易发区和危险性评价区，确定高、中、低易发区和大、中、小危险性区域。,
四川省2021年凉山州西昌市地质灾害详细调查项目成果报告,防治措施,划分防治区域，加强群测群防工作并采取相应的工程治理、排危除险、搬迁避让等措施。,
四川省2022年凉山州西昌市地质灾害详细调查项目成果报告,系统建立,建立了1:50000地质灾害详查信息系统和地质灾害易发区群众防灾避险搬迁安置工程调查与区划空间信息系统。,
四川省广安市矿山地质环境调查评价成果报告,项目承担单位,四川省地质工程勘察院,
四川省广安市矿山地质环境调查评价成果报告,项目时间,2017年10月-12月,
四川省广安市矿山地质环境调查评价成果报告,调查范围,广安市，包括广安区、岳池县、武胜县、邻水县、华蓥市，总面积6344平方公里，总人口450万。,
四川省广安市矿山地质环境调查评价成果报告,工作手段,资料收集、地面调查、遥感解译、样品采集与测试分析等。,
四川省广安市矿山地质环境调查评价成果报告,调查内容,对广安市内388处矿山的地质环境进行调查评价，包括土地压占与损毁、地形地貌景观影响、含水层破坏与疏干、矿山地质灾害和废水、废液、废固排放造成的水土污染等问题。,
四川省广安市矿山地质环境调查评价成果报告,结果总结,总结归纳了广安市区域概况和矿产资源开发利用概况，分析了矿山地质环境问题的分布规律、影响因素、危害情况及发展趋势，并举例说明主要矿山地质环境问题。,
四川省广安市矿山地质环境调查评价成果报告,综合评价,采用模糊综合判别法对各个矿山进行综合评价，将全市矿山地质环境影响评价划分为三个大区,影响严重区（3个）、影响较严重区（1个）、影响轻微区（1个）。
四川省广安市矿山地质环境调查评价成果报告,地质环境治理划分,划分出矿山地质环境重点保护区（BH）3个、预防区（YF）、重点治理区（Z）3个、次重点治理区（C）1个、一般治理区（1）3处。,
四川省广安市矿山地质环境调查评价成果报告,防治措施和建议,针对各类地质环境问题提出了具体防治防治措施和建议。,
嘉陵江干流中下游主要环境地质问题调查报告,承担单位,四川省地质调查院,
嘉陵江干流中下游主要环境地质问题调查报告,工作目标,开展对嘉陵江干流中下游主要环境地质问题的调查及演化趋势研究，重点评价水利水电工程梯级开发相关的主要环境地质问题，并提出防治对策建议。,
嘉陵江干流中下游主要环境地质问题调查报告,工作区域,四川省和重庆市境内的嘉陵江干流中下游地区,
嘉陵江干流中下游主要环境地质问题调查报告,完成工作量,遥感解译面积：30810.66 km²,
嘉陵江干流中下游主要环境地质问题调查报告,完成工作量,路线调查面积：2400 km²,
嘉陵江干流中下游主要环境地质问题调查报告,完成工作量,槽探深度：211 m³,
嘉陵江干流中下游主要环境地质问题调查报告,完成工作量,样品数量：33 件,
嘉陵江干流中下游主要环境地质问题调查报告,研究成果,环境地质条件、地质灾害、库岸稳定性等主要环境地质问题的类型、分布特征、变化趋势及影响因素的基本了解,
嘉陵江干流中下游主要环境地质问题调查报告,研究成果,生态环境分区研究，划分生态系统类型，深入分析不同类型生态系统的特征和空间分布,
嘉陵江干流中下游主要环境地质问题调查报告,研究成果,嘉陵江干流水土流失特征的调查研究，包括类型、强度、时空变化规律、成因、影响因素及危害分析,
嘉陵江干流中下游主要环境地质问题调查报告,研究成果,典型水库淤积调查研究，包括主要产沙方式、产沙量、输沙量、淤积量、淤积类型和排沙清淤方式,
嘉陵江干流中下游主要环境地质问题调查报告,地质环境质量评价内容,水土流失分区评价,
嘉陵江干流中下游主要环境地质问题调查报告,地质环境质量评价内容,地质灾害易发性分区评价,
嘉陵江干流中下游主要环境地质问题调查报告,地质环境质量评价内容,岸坡稳定性分区评价,
嘉陵江干流中下游主要环境地质问题调查报告,地质环境质量评价内容,地质环境质量分区评价,
嘉陵江干流中下游主要环境地质问题调查报告,地质环境质量评价内容,亭子口电站库区地质环境质量分区评价,
嘉陵江干流中下游主要环境地质问题调查报告,地质环境质量评价内容,核电站拟选厂址区地质环境质量分区评价,
鸭嘴幅H47E023021 1/5万地质图说明书,承担单位,四川省地质矿产勘查开发局攀西地质队,
鸭嘴幅H47E023021 1/6万地质图说明书,目标任务,清理图区内岩石地层单位，确定各岩石地层单位的界线性质，查明其厚度、岩石组合、沉积构造与变形、变质等特征,
鸭嘴幅H47E023021 1/7万地质图说明书,目标任务,查明变质岩的变质矿物及组合，划分变质带、变质作用类型和变质相，恢复原岩，建立构造-热动力事件序列,
鸭嘴幅H47E023021 1/8万地质图说明书,目标任务,重视以金为主的矿产资源调查,
鸭嘴幅H47E023021 1/9万地质图说明书,目标任务,开展灾害—环境地质调查,
鸭嘴幅H47E023021 1/10万地质图说明书,工作区域,四川省凉山州木里藏族自治县,
鸭嘴幅H47E023021 1/11万地质图说明书,完成工作量,填图面积：453.16 km²,
鸭嘴幅H47E023021 1/12万地质图说明书,完成工作量,地质路线：662.13 km,
鸭嘴幅H47E023021 1/13万地质图说明书,完成工作量,地质点：1019 个,
鸭嘴幅H47E023021 1/14万地质图说明书,完成工作量,实测剖面：28.23 km,
鸭嘴幅H47E023021 1/15万地质图说明书,完成工作量,测试鉴定：1281 件,
鸭嘴幅H47E023021 1/16万地质图说明书,主要地质成果,查明了测区变质地层基本特征及其变化,
鸭嘴幅H47E023021 1/17万地质图说明书,主要地质成果,重新厘定了测区雅江小区与木里小区变质地层系统，划分出不同的地层盆地,
鸭嘴幅H47E023021 1/18万地质图说明书,主要地质成果,发现了“瓦能岩组”广泛出露，由变质海相玄武岩、次火山岩及沉积岩组成，具板内裂谷环境沉积特征,
鸭嘴幅H47E023021 1/19万地质图说明书,主要地质成果,查明了志留纪及二叠—三叠纪火山岩产出层位、时代、岩性-岩相、地球化学特征及形成环境，总结了火山作用规律,
鸭嘴幅H47E023021 1/20万地质图说明书,主要地质成果,建立了区域变质作用PTt轨迹，探讨了变质作用演化规律,
鸭嘴幅H47E023021 1/21万地质图说明书,主要地质成果,通过构造解析与变形-变质分析，建立了穹隆体收缩性逆冲-滑脱、构造-热隆、抬升及滞后伸展的三阶段形成演化模式及穹隆抬升轨迹,
鸭嘴幅H47E023021 1/22万地质图说明书,主要地质成果,新发现岩金矿点1处、钛磁铁矿点1处、水晶矿点7处,
鸭嘴幅H47E023021 1/23万地质图说明书,主要地质成果,初步阐明了滑坡、泥石流、地震等地质灾害的分布、发生、发展规律，提出了对地质灾害防治的措施,
长江、黄河河源石渠北部地区生态地质环境研究报告,承担单位,四川省地质调查院,
长江、黄河河源石渠北部地区生态地质环境研究报告,目标任务,在基础地质调查的基础上，进行地质灾害与生态环境专题调查研究,
长江、黄河河源石渠北部地区生态地质环境研究报告,目标任务,为长江上游经济可持续发展提供科学依据,
长江、黄河河源石渠北部地区生态地质环境研究报告,研究范围主要包括,高寒地区生态地质环境现状调查,
长江、黄河河源石渠北部地区生态地质环境研究报告,研究范围主要包括,南水北调西线工程建设区地质灾害现状及区域地壳稳定性调查,
长江、黄河河源石渠北部地区生态地质环境研究报告,研究范围主要包括,相关地质背景研究,
长江、黄河河源石渠北部地区生态地质环境研究报告,完成工作量,1:25万填图面积：15460 km²,
长江、黄河河源石渠北部地区生态地质环境研究报告,完成工作量,地质路线：2110.55 km,
长江、黄河河源石渠北部地区生态地质环境研究报告,完成工作量,测试鉴定样品：122 件,
长江、黄河河源石渠北部地区生态地质环境研究报告,主要成果,发现测区存在大量地质灾害，生态系统遭受严重破坏，包括草地鼠害、湿地干化、土地沙化及水土流失等,
长江、黄河河源石渠北部地区生态地质环境研究报告,主要成果,新构造活动强烈，容易诱发地质灾害，主要有地震、滑坡、崩塌、撒落、冻融等,
长江、黄河河源石渠北部地区生态地质环境研究报告,主要成果,测区划分为不稳定工程地质区和相对稳定工程地质区,
长江、黄河河源石渠北部地区生态地质环境研究报告,主要成果,对南水北调二期工程造成直接威胁的地质灾害包括活动断层、地震、冻土和地下水,
长江、黄河河源石渠北部地区生态地质环境研究报告,主要成果,气温剧烈变化或暴雨时节仍具备泥石流条件，潜在发生泥石流地质灾害,
云南省香格里拉县地质灾害详细调查成果报告,项目背景,2013年安排的云南省香格里拉县地质灾害详细调查项目,
云南省香格里拉县地质灾害详细调查成果报告,项目背景,由云南省地质调查局招标并于2014年3月3日开标，云南地质工程勘察设计研究院中标并签订合同,
云南省香格里拉县地质灾害详细调查成果报告,项目背景,项目范围包括滑坡、崩塌、泥石流等各类灾害点的调查和建档工作,
云南省香格里拉县地质灾害详细调查成果报告,调查成果,对区内861个灾害点建立了档案，其中包括滑坡417个、崩塌179个、泥石流沟263条等,
云南省香格里拉县地质灾害详细调查成果报告,调查成果,共进行钻探393m，实测剖面11691m，探槽101.8m，浅井40.4m的调查工作,
云南省香格里拉县地质灾害详细调查成果报告,评审与认可,2015年11月18日组织专家评审，评审结果为良好，得到香格里拉县国土局的认可,
云南省香格里拉县地质灾害详细调查成果报告,调查范围,香格里拉县地处云南省西北部，总面积11613km2，属于青藏高原南东缘横断山区,
云南省香格里拉县地质灾害详细调查成果报告,调查范围,地势为北高南低，最高点海拔5545m，最低点海拔1503m，相对高差达4042m,
云南省香格里拉县地质灾害详细调查成果报告,主要成果,地质灾害详细调查报告1册，信息系统建设数据库一个,
云南省香格里拉县地质灾害详细调查成果报告,主要成果,多种地质灾害分布图、易发程度分区图、危险程度分区图等,
云南省双柏县地质灾害详细调查报告,承担单位,四川省地质调查院,
云南省双柏县地质灾害详细调查报告,签订合同日期,2015年12月15日,
云南省双柏县地质灾害详细调查报告,调查范围,包括遥感调查、地质灾害正测、地质灾害草测、工程地质剖面测量、典型隐患点地质测绘等内容,
云南省双柏县地质灾害详细调查报告,调查成果,地质环境条件调查,
云南省双柏县地质灾害详细调查报告,调查成果,地质灾害数量、类型及发育规律分析,
云南省双柏县地质灾害详细调查报告,调查成果,地质灾害（隐患）点的分布特征、形成条件和诱发因素分析,
云南省双柏县地质灾害详细调查报告,调查成果,地质灾害隐患点的稳定状态、潜在危害程度评价,
云南省双柏县地质灾害详细调查报告,调查成果,县域地质灾害易发性分区评价、危险性分区评价,
云南省双柏县地质灾害详细调查报告,防治规划,地质灾害防治分区修订调整,
云南省双柏县地质灾害详细调查报告,防治规划,地质灾害防治规划调整，规划期为2017～2025年，分为近期、中期、远期,
云南省双柏县地质灾害详细调查报告,防治规划,近期、中期、远期的治理工程计划和搬迁避让情况,
云南省双柏县地质灾害详细调查报告,地质灾害点调查情况,1:5万地质灾害详细调查以滑坡、崩塌、泥石流为主,
云南省双柏县地质灾害详细调查报告,地质灾害点调查情况,区内314个灾害点的档案建立情况，包括滑坡、崩塌、泥石流等,
云南省双柏县地质灾害详细调查报告,地质灾害点调查情况,搬迁避让场址点信息表、地质环境调查点、其它调查表的数量,
云南省双柏县地质灾害详细调查报告,地质灾害点调查情况,实测剖面长度和典型点测绘数量,
四川省2016年阿坝州若尔盖县地质灾害详细调查成果报告,调查范围,10600km2，包括东经102°8′-103°36′48″，北纬33°3′12″-34°19′,
四川省2017年阿坝州若尔盖县地质灾害详细调查成果报告,调查手段,地质调查测绘、线路穿越调查、典型点勘查解剖,
四川省2018年阿坝州若尔盖县地质灾害详细调查成果报告,地形特征,南高北低，海拔2400-4500米，地貌分为丘状高平原和高中山区,
四川省2019年阿坝州若尔盖县地质灾害详细调查成果报告,地质灾害点,94处，包括泥石流、不稳定斜坡、崩塌、滑坡,
四川省2020年阿坝州若尔盖县地质灾害详细调查成果报告,生命财产安全威胁,11个乡镇1155户4867人，资产27712万元,
四川省2021年阿坝州若尔盖县地质灾害详细调查成果报告,易发区与危险性评价,划分为地质灾害高、中、低、不易发区，和危险性大、中、小分区,
四川省2022年阿坝州若尔盖县地质灾害详细调查成果报告,防治区划,重点防治区、次重点防治区、一般防治区,
四川省2023年阿坝州若尔盖县地质灾害详细调查成果报告,防治措施建议,加强群测群防工作，工程治理、排危除险、搬迁避让,
四川省2024年阿坝州若尔盖县地质灾害详细调查成果报告,系统建立,1:50000地质灾害详查信息系统、地质灾害易发区群众防灾避险搬迁安置工程调查与区划空间信息系统,
复兴镇幅H48E022001 1/5万地质图说明书,项目完成单位,四川省地质矿产勘查开发局攀西地质队,
复兴镇幅H48E022001 1/6万地质图说明书,工作目的,提高图幅基础地质研究程度，为国民经济建设提供最新的基础地质资料,
复兴镇幅H48E022001 1/7万地质图说明书,测区位置,四川省西南部凉山彝族自治州冕宁县境内,
复兴镇幅H48E022001 1/8万地质图说明书,完成工作量,填图面积452.47km2，地质路线625.6km，地质点998个，剖面测量34669m，测试分析2148件,
复兴镇幅H48E022001 1/9万地质图说明书,主要地质成果,探讨了地质体成分，地台结晶基底的形成与演化特征，岩浆演化规律，侵入岩体划分，第四纪松散堆积物地质-地貌填图等,
复兴镇幅H48E022001 1/10万地质图说明书,构造格架及特征,公鹅山穹状背形、安宁河断裂带、南河断裂带，地质事件演化序列,
复兴镇幅H48E022001 1/11万地质图说明书,新构造运动表现,断裂复活、断块差异升降、走滑、地震等，构造格局,
复兴镇幅H48E022001 1/12万地质图说明书,矿产及地质灾害调查,108国道两侧地质灾害解析，成灾地质背景,
冕宁县幅H48E021001 1/5万地质图说明书,项目完成单位,四川省地质矿产勘查开发局攀西地质队,
冕宁县幅H48E021001 1/6万地质图说明书,测区位置,四川省西南部凉山彝族自治州冕宁县境内,
冕宁县幅H48E021001 1/7万地质图说明书,完成工作量,"填图面积451.77km2, 地质路线628.56km, 地质点989个, 剖面测量31087.95m, 测试鉴定1947件",
冕宁县幅H48E021001 1/8万地质图说明书,主要地质成果,冕西花岗岩及其他侵入岩或变质侵入岩,
冕宁县幅H48E021001 1/9万地质图说明书,主要地质成果,30个单元(或片麻岩体)、9个超单元，隶属4个超单元组合,
冕宁县幅H48E021001 1/10万地质图说明书,主要地质成果,冕西花岗岩构造-岩浆演化模式,
冕宁县幅H48E021001 1/11万地质图说明书,主要地质成果,南河断裂带与火炭堡子断裂带间低绿片岩相变质的震旦系—二叠系,
冕宁县幅H48E021001 1/12万地质图说明书,构造解析,南河断裂带活动特征、安宁河断裂的多期活动与挽近活动特征,
冕宁县幅H48E021001 1/13万地质图说明书,新构造运动表现,断裂复活、断块升降、走滑、地震等,
冕宁县幅H48E021001 1/14万地质图说明书,第四纪松散堆积地质-地貌双重填图,冲积、洪积、坡积、残积、冰积与沼泽堆积等六种成因类型及相应的地貌单元,
冕宁县幅H48E021001 1/15万地质图说明书,多方面调查,矿产、土地、森林、旅游资源及地质灾害,
冕宁县幅H48E021001 1/16万地质图说明书,地质灾害初步探讨,安宁河、南河流域地质灾害成灾地质背景,
“4.20”芦山强烈地震灾区甘孜州泸定县地质灾害详细调查报告,项目承担单位,四川省地质调查院,
“4.21”芦山强烈地震灾区甘孜州泸定县地质灾害详细调查报告,完成工作量,区域地质环境条件调查,
“4.22”芦山强烈地震灾区甘孜州泸定县地质灾害详细调查报告,完成工作量,遥感地质解译,
“4.23”芦山强烈地震灾区甘孜州泸定县地质灾害详细调查报告,完成工作量,地质灾害调查测绘,
“4.24”芦山强烈地震灾区甘孜州泸定县地质灾害详细调查报告,完成工作量,已有地质灾害隐患点全面核查,
“4.25”芦山强烈地震灾区甘孜州泸定县地质灾害详细调查报告,完成工作量,新增地质灾害隐患点调查,
“4.26”芦山强烈地震灾区甘孜州泸定县地质灾害详细调查报告,完成工作量,地质灾害勘查,
“4.27”芦山强烈地震灾区甘孜州泸定县地质灾害详细调查报告,完成工作量,后山斜坡稳定性调查,
“4.28”芦山强烈地震灾区甘孜州泸定县地质灾害详细调查报告,完成工作量,小流域综合调查,
“4.29”芦山强烈地震灾区甘孜州泸定县地质灾害详细调查报告,完成工作量,已实施治理工程有效性评估,
“4.30”芦山强烈地震灾区甘孜州泸定县地质灾害详细调查报告,完成工作量,防灾避险搬迁安置调查,
“4.31”芦山强烈地震灾区甘孜州泸定县地质灾害详细调查报告,完成工作量,地质灾害群测群防建设,
“4.32”芦山强烈地震灾区甘孜州泸定县地质灾害详细调查报告,主要成果,初步查明调查区内地质环境条件,
“4.33”芦山强烈地震灾区甘孜州泸定县地质灾害详细调查报告,主要成果,对已有地质灾害点进行调查复核,
“4.34”芦山强烈地震灾区甘孜州泸定县地质灾害详细调查报告,主要成果,地质灾害隐患点数量统计及威胁人口数量,
“4.35”芦山强烈地震灾区甘孜州泸定县地质灾害详细调查报告,主要成果,对聚居区和学校进行地质灾害危险性调查评价,
黄龙幅I48E020008 1/5万生态地质图说明书,项目承担单位,四川省地质矿产勘查开发局区域地质调查队,
黄龙幅I48E020008 1/6万生态地质图说明书,目标任务,进行基础地质调查,
黄龙幅I48E020008 1/7万生态地质图说明书,目标任务,开展生态环境地质调查研究,
黄龙幅I48E020008 1/8万生态地质图说明书,目标任务,收集测区内水文、土壤、植被、动物、地震、气象等资料,
黄龙幅I48E020008 1/9万生态地质图说明书,目标任务,编制系列图件,
黄龙幅I48E020008 1/10万生态地质图说明书,目标任务,提交高水平生态环境地质调查成果,
黄龙幅I48E020008 1/11万生态地质图说明书,工作区位置和完成工作量,工作区位于四川省阿坝藏族羌族自治州松潘县，面积433.05平方公里,
黄龙幅I48E020008 1/12万生态地质图说明书,工作区位置和完成工作量,填图面积433.05平方公里，填图路线717.8公里，观察点1061个,
黄龙幅I48E020008 1/13万生态地质图说明书,工作区位置和完成工作量,各类实测剖面17.5公里，各类岩矿标本、测试样品981件，测年样品34件,
黄龙幅I48E020008 1/14万生态地质图说明书,主要成果,基础地质方面：划分了地层单位，发现了早志留世微古植物和泥盆纪孢粉化石,
黄龙幅I48E020008 1/15万生态地质图说明书,主要成果,揭示了基性火山岩及酸性岩脉的时空分布和特征,
黄龙幅I48E020008 1/16万生态地质图说明书,主要成果,划分了变质岩类型，建立了构造格架,
黄龙幅I48E020008 1/17万生态地质图说明书,主要成果,生态地质环境和旅游地质方面：研究了岩石与土壤元素的迁移规律,
黄龙幅I48E020008 1/18万生态地质图说明书,主要成果,分析了地球化学行为对环境的影响，土壤类型分布和特征,
黄龙幅I48E020008 1/19万生态地质图说明书,主要成果,调查研究了景区钙华体类型及地质灾害情况,
亚丁幅H47E022018 1/5万地质图说明书,项目承担单位,四川省地质矿产勘查开发局区域地质调查队,
亚丁幅H47E022018 1/6万地质图说明书,目标任务,深化造山带基础地质研究,
亚丁幅H47E022018 1/7万地质图说明书,目标任务,为地质找矿服务,
亚丁幅H47E022018 1/8万地质图说明书,目标任务,开展矿产资源、旅游资源和地质灾害的调查,
亚丁幅H47E022018 1/9万地质图说明书,工作区位置和完成工作量,测区位于四川省甘孜藏族自治州稻城县，凉山彝族自治州木里县境,
亚丁幅H47E022018 1/10万地质图说明书,工作区位置和完成工作量,"填图面积452.46平方公里，地调路线744.5公里，地质观测点120983.282km,实测地层剖面26.92km,各类测试鉴定样品1080件",
亚丁幅H47E022018 1/11万地质图说明书,主要成果,查明了测区地层的层序、岩性、岩相、沉积环境、接触关系等基本特征,
亚丁幅H47E022018 1/12万地质图说明书,主要成果,建立了以义敦岛弧带、甘孜-理塘结合带为主体的地质构造单元,
亚丁幅H47E022018 1/13万地质图说明书,主要成果,对测区变形变质特征、变质岩石类型和区域变质作用期次与类型进行了研究,
亚丁幅H47E022018 1/14万地质图说明书,主要成果,对测区侵入岩、火山岩的时代、分布、岩石学、岩石化学和构造环境进行了详细研究,
亚丁幅H47E022018 1/15万地质图说明书,主要成果,进行了矿产资源、旅游资源和地质灾害的调查，发现了具有较高价值的旅游景点，并规划了旅游路线,
汶川地震区特大泥石流活动特征及防治效果研究报告；关庄坝幅I48E022013 1/5万地质灾害调查专题报告,项目承担单位,四川省地质矿产勘查开发局,
汶川地震区特大泥石流活动特征及防治效果研究报告；关庄坝幅I48E022013 1/6万地质灾害调查专题报告,工作起止时间,2012年～2014年,
汶川地震区特大泥石流活动特征及防治效果研究报告；关庄坝幅I48E022013 1/7万地质灾害调查专题报告,总体目标,建立地震重灾区巨型泥石流的评价模式,
汶川地震区特大泥石流活动特征及防治效果研究报告；关庄坝幅I48E022013 1/8万地质灾害调查专题报告,总体目标,建立治理工程有效性和安全性评价体系，为广大地震灾区泥石流防治提供技术指导,
汶川地震区特大泥石流活动特征及防治效果研究报告；关庄坝幅I48E022013 1/9万地质灾害调查专题报告,主要工作成果,开展了汶川地震区特大型泥石流沟形成条件、活动特征和工程治理效果调查，总结了地震区特大泥石流的成灾机理,
汶川地震区特大泥石流活动特征及防治效果研究报告；关庄坝幅I48E022013 1/10万地质灾害调查专题报告,主要工作成果,进行了地质灾害形成条件及发育分布规律的调查和总结,
汶川地震区特大泥石流活动特征及防治效果研究报告；关庄坝幅I48E022013 1/11万地质灾害调查专题报告,主要工作成果,建立了红椿沟和文家沟治理工程运行效果监测网络体系，取得了大量监测数据,
汶川地震区特大泥石流活动特征及防治效果研究报告；关庄坝幅I48E022013 1/12万地质灾害调查专题报告,主要工作成果,建立了工程治理效果有效性和安全性评价指标体系和评价方法,
汶川地震区特大泥石流活动特征及防治效果研究报告；关庄坝幅I48E022013 1/13万地质灾害调查专题报告,主要工作成果,总结了软基高坝、柔性排导槽、水砂分治等技术的成功经验，并在地震灾区大型泥石流治理工程设计中得到推广应用,
东风牧场幅I47E023022 1/5万地质图说明书,项目承担单位,四川省地质矿产勘查开发局,
东风牧场幅I47E023022 1/6万地质图说明书,目标任务,采用浊积扇调查方法进行地质制图,
东风牧场幅I47E023022 1/7万地质图说明书,目标任务,研究构造、地层、岩浆作用与金成矿的关系,
东风牧场幅I47E023022 1/8万地质图说明书,目标任务,测区位于四川省壤塘县、马尔康县，面积为435.43km2,
东风牧场幅I47E023022 1/9万地质图说明书,完成工作量,填图面积435.43km2,
东风牧场幅I47E023022 1/10万地质图说明书,完成工作量,填图路线588km,
东风牧场幅I47E023022 1/11万地质图说明书,完成工作量,剖面测量39.27km,
东风牧场幅I47E023022 1/12万地质图说明书,完成工作量,地质点859个,
东风牧场幅I47E023022 1/13万地质图说明书,完成工作量,样品及测试624件,
东风牧场幅I47E023022 1/14万地质图说明书,主要地质成果,初步总结了复理石区海底扇-组图填图方法体系，即海底扇填图法,
东风牧场幅I47E023022 1/15万地质图说明书,主要地质成果,发现多期次冰川堆积，查明了各期次冰碛特征及相互关系，建立了本区第四纪冰川演化序列及末次冰期冰退序列,
东风牧场幅I47E023022 1/16万地质图说明书,主要地质成果,进行了区域低温动力变质砂岩结构带和热接触变质矿物带填图，查明了主要变质带、变质相和变质作用类型及其特征,
东风牧场幅I47E023022 1/17万地质图说明书,主要地质成果,查明了测区变形构造特征，建立了构造格架为一系列褶皱推覆片体组成的对冲式推覆系,
东风牧场幅I47E023022 1/18万地质图说明书,主要地质成果,肯定了南木达北西向左行走滑系的存在，并指出其控制性构造对金矿化及地震等地质灾害具有重要影响,
"古蔺县幅H48E024016太平渡幅H48E024017观文幅G48E001016石宝幅G48E001017清池幅G48E002016茅坝幅G48E002017,1/5万区域地质矿产调查报告",项目名称,区域地质矿产调查报告,
"古蔺县幅H48E024016太平渡幅H48E024017观文幅G48E001016石宝幅G48E001017清池幅G48E002016茅坝幅G48E002017,1/6万区域地质矿产调查报告",调查区域,古蔺县、太平渡、观文、石宝、清池、茅坝,
"古蔺县幅H48E024016太平渡幅H48E024017观文幅G48E001016石宝幅G48E001017清池幅G48E002016茅坝幅G48E002017,1/7万区域地质矿产调查报告",时间,2013年,
"古蔺县幅H48E024016太平渡幅H48E024017观文幅G48E001016石宝幅G48E001017清池幅G48E002016茅坝幅G48E002017,1/8万区域地质矿产调查报告",调查单位,中国地质调查局成都地质调查中心,
"古蔺县幅H48E024016太平渡幅H48E024017观文幅G48E001016石宝幅G48E001017清池幅G48E002016茅坝幅G48E002017,1/9万区域地质矿产调查报告",技术和方法,采用先进的地质理论和“3S”技术、数字填图技术等新技术,
"古蔺县幅H48E024016太平渡幅H48E024017观文幅G48E001016石宝幅G48E001017清池幅G48E002016茅坝幅G48E002017,1/10万区域地质矿产调查报告",研究内容,岩石地层清理和分类,
"古蔺县幅H48E024016太平渡幅H48E024017观文幅G48E001016石宝幅G48E001017清池幅G48E002016茅坝幅G48E002017,1/11万区域地质矿产调查报告",研究内容,化石鉴定,
"古蔺县幅H48E024016太平渡幅H48E024017观文幅G48E001016石宝幅G48E001017清池幅G48E002016茅坝幅G48E002017,1/12万区域地质矿产调查报告",研究内容,海相地层划分,
"古蔺县幅H48E024016太平渡幅H48E024017观文幅G48E001016石宝幅G48E001017清池幅G48E002016茅坝幅G48E002017,1/13万区域地质矿产调查报告",研究内容,构造格架及构造形迹特征研究,
"古蔺县幅H48E024016太平渡幅H48E024017观文幅G48E001016石宝幅G48E001017清池幅G48E002016茅坝幅G48E002017,1/14万区域地质矿产调查报告",研究内容,新发现矿（化）点,
"古蔺县幅H48E024016太平渡幅H48E024017观文幅G48E001016石宝幅G48E001017清池幅G48E002016茅坝幅G48E002017,1/15万区域地质矿产调查报告",研究内容,石漠化分布特征与原因分析,
"古蔺县幅H48E024016太平渡幅H48E024017观文幅G48E001016石宝幅G48E001017清池幅G48E002016茅坝幅G48E002017,1/16万区域地质矿产调查报告",研究内容,地质灾害调查及分布情况总结,
"古蔺县幅H48E024016太平渡幅H48E024017观文幅G48E001016石宝幅G48E001017清池幅G48E002016茅坝幅G48E002017,1/17万区域地质矿产调查报告",研究内容,旅游资源分布情况调查及建议,
中国地质调查局地质调查项目技术报告：专题研究十一,完成单位,四川省地质调查局,
中国地质调查局地质调查项目技术报告：专题研究十一,目标任务,评价岷江上游地区地质环境的控制影响作用，为生态环境建设合理布局提供地质依据,
中国地质调查局地质调查项目技术报告：专题研究十一,目标任务,评价岷江上游地区地下水赋存及动态特征与生态环境质量间的关系，为建设“生态水库”提供水文地质依据,
中国地质调查局地质调查项目技术报告：专题研究十一,目标任务,分析地质灾害对生态环境的破坏与再造规律性，指导科学治理地质灾害,
中国地质调查局地质调查项目技术报告：专题研究十一,完成工作量,调查面积8000km2，观测点430个，观测路线长度900km，采集岩样10个,
中国地质调查局地质调查项目技术报告：专题研究十一,主要成果,生态地质环境的评价要素、地质类型和地质环境的控制作用,
中国地质调查局地质调查项目技术报告：专题研究十一,主要成果,地下水赋存及动态特征与生态环境质量间的影响关系,
中国地质调查局地质调查项目技术报告：专题研究十一,主要成果,生态地质环境综合评价和专题评价,
中国地质调查局地质调查项目技术报告：专题研究十一,主要成果,第四纪以来生态地质环境的演化过程和人类活动参与下生态地质环境的演化趋势分析,
中国地质调查局地质调查项目技术报告：专题研究十一,主要成果,地质环境的适宜性和容许度评价,
中国地质调查局地质调查项目技术报告：专题研究十一,主要成果,社会经济可持续发展的对策建议,
固增苗族乡幅H47E023020博科乡幅H47E024020 1/5万区域地质调查报告,完成单位,四川省地质调查院,
固增苗族乡幅H47E023020博科乡幅H47E024020 1/6万区域地质调查报告,目标任务,建立测区岩石地层、生物地层和年代地层系统及其对应关系,
固增苗族乡幅H47E023020博科乡幅H47E024020 1/7万区域地质调查报告,目标任务,进行以金、铜为重点的矿调，查明成矿专属性、控矿因素及分布规律,
固增苗族乡幅H47E023020博科乡幅H47E024020 1/8万区域地质调查报告,测区位置,四川省西南部，木里藏族自治县管辖，面积907.02km2,
固增苗族乡幅H47E023020博科乡幅H47E024020 1/9万区域地质调查报告,主要工作量,1/5万填图907.02km2,
固增苗族乡幅H47E023020博科乡幅H47E024020 1/10万区域地质调查报告,主要工作量,航卫片解译907平方公里,
固增苗族乡幅H47E023020博科乡幅H47E024020 1/11万区域地质调查报告,主要工作量,填图路线1324公里,
固增苗族乡幅H47E023020博科乡幅H47E024020 1/12万区域地质调查报告,主要工作量,地质点1650个,
固增苗族乡幅H47E023020博科乡幅H47E024020 1/13万区域地质调查报告,主要工作量,实测地质剖面46.7公里,
固增苗族乡幅H47E023020博科乡幅H47E024020 1/14万区域地质调查报告,主要工作量,岩石薄片1233片,
固增苗族乡幅H47E023020博科乡幅H47E024020 1/15万区域地质调查报告,主要工作量,硅酸盐样分析20件,
固增苗族乡幅H47E023020博科乡幅H47E024020 1/16万区域地质调查报告,主要工作量,微量元素分析15件,
固增苗族乡幅H47E023020博科乡幅H47E024020 1/17万区域地质调查报告,主要工作量,稀土样分析15件,
固增苗族乡幅H47E023020博科乡幅H47E024020 1/18万区域地质调查报告,主要工作量,微体化石样214件,
固增苗族乡幅H47E023020博科乡幅H47E024020 1/19万区域地质调查报告,主要成果,论述了15个岩石地层单位、19个生物地层单位、13个年代地层单位特征,
固增苗族乡幅H47E023020博科乡幅H47E024020 1/20万区域地质调查报告,主要成果,分析了沉积环境、沉积作用与盆地演化,
固增苗族乡幅H47E023020博科乡幅H47E024020 1/21万区域地质调查报告,主要成果,探讨了岩浆地质地球化学特征、构造岩浆环境,
固增苗族乡幅H47E023020博科乡幅H47E024020 1/22万区域地质调查报告,主要成果,研究了各类变质岩基本特征、变质作用,
固增苗族乡幅H47E023020博科乡幅H47E024020 1/23万区域地质调查报告,主要成果,划分了不同构造岩浆环境、构造形迹特征,
固增苗族乡幅H47E023020博科乡幅H47E024020 1/24万区域地质调查报告,主要成果,论述了构造作用与地壳运动关系,
固增苗族乡幅H47E023020博科乡幅H47E024020 1/25万区域地质调查报告,主要成果,探讨了矿产、旅游资源特征，地质灾害特征和构造活动关系,
康定县幅H47C002004 1/25万区域地质调查报告,承担单位, 四川省地质调查院,
康定县幅H47C002004 1/26万区域地质调查报告,完成任务, 全面清理测区震旦系--三叠系地层系统，进行以岩石地层为主的多重地层划分，建立地质体的时空分布构架和地层系统。,
康定县幅H47C002004 1/27万区域地质调查报告,完成工作量,"1:25万填图面积15964km2, 剖面测量153.55km, 地质调查路线2186.3km",
康定县幅H47C002004 1/28万区域地质调查报告,主要成果,建立了研究区地质体的时空分布构架和地层系统,
康定县幅H47C002004 1/29万区域地质调查报告,主要成果,正确划分研究区的构造阶段与构造体制,
康定县幅H47C002004 1/30万区域地质调查报告,主要成果,查明了测区三叠系复理石盆地的形成、演化特征,
康定县幅H47C002004 1/31万区域地质调查报告,主要成果,查明了区内岩浆岩的空间分布特征、岩石类型、岩石化学、岩石地球化学特征及形成时代、构造背景,
康定县幅H47C002004 1/32万区域地质调查报告,主要成果,查明了测区内变质岩的原岩、建造类型及变形改造特点,
康定县幅H47C002004 1/33万区域地质调查报告,主要成果,开展了地质灾害、旅游资源及矿产工作等方面的调查,
九寨沟幅I48E017008则查哇幅I48E018008 1/5万生态地质图说明书,执行单位,四川省地质矿产勘查开发局,
九寨沟幅I48E017008则查哇幅I48E018008 1/6万生态地质图说明书,调查区域,四川省阿坝州九寨沟县,
九寨沟幅I48E017008则查哇幅I48E018008 1/7万生态地质图说明书,目标任务,全面开展生态地质环境调查研究,
九寨沟幅I48E017008则查哇幅I48E018008 1/8万生态地质图说明书,目标任务,划分地质构造单元，建立地层序列和地质事件序列,
九寨沟幅I48E017008则查哇幅I48E018008 1/9万生态地质图说明书,目标任务,收集水文、环境、化探、土壤、动植物、地震、旅游、气象等资料,
九寨沟幅I48E017008则查哇幅I48E018008 1/10万生态地质图说明书,主要成果,区域地质背景和地质作用与成景作用关系的阐明,
九寨沟幅I48E017008则查哇幅I48E018008 1/11万生态地质图说明书,主要成果,地质构造演化特征和各事件的地质规律总结,
九寨沟幅I48E017008则查哇幅I48E018008 1/12万生态地质图说明书,主要成果,水文地质条件、水循环系统规律和动态变化特征的查明,
九寨沟幅I48E017008则查哇幅I48E018008 1/13万生态地质图说明书,主要成果,土壤类型、土地利用情况的调查和评价,
九寨沟幅I48E017008则查哇幅I48E018008 1/14万生态地质图说明书,主要成果,旅游地质资源的分布特征和景观分类评价,
九寨沟幅I48E017008则查哇幅I48E018008 1/15万生态地质图说明书,主要成果,地质灾害类型、发生原因、趋势的调查和治理建议,
九寨沟幅I48E017008则查哇幅I48E018008 1/16万生态地质图说明书,地质生态组合区划分,九寨沟稳定地质生态组合区,
九寨沟幅I48E017008则查哇幅I48E018008 1/17万生态地质图说明书,地质生态组合区划分,沙坝弱稳定地质生态组合区,
九寨沟幅I48E017008则查哇幅I48E018008 1/18万生态地质图说明书,地质生态组合区划分,塔藏活动地质生态组合区,
九寨沟幅I48E017008则查哇幅I48E018008 1/19万生态地质图说明书,技术成果,建立九寨沟风景名胜区地理信息系统(GIS),
九寨沟幅I48E017008则查哇幅I48E018008 1/20万生态地质图说明书,技术成果,填绘古火山机构、坠入外来岩块等重要地质特征,
九寨沟幅I48E017008则查哇幅I48E018008 1/21万生态地质图说明书,技术成果,论述自然景观与地质历史背景的关系,
紫坪铺水利枢纽工程生态地质专题调查小结：专题研究之八,执行单位,四川省地质调查局,
紫坪铺水利枢纽工程生态地质专题调查小结：专题研究之八,目标任务,评价岷江上游地区地质环境控制影响作用，为生态环境建设合理布局提供地质依据,
紫坪铺水利枢纽工程生态地质专题调查小结：专题研究之八,目标任务,评价地下水赋存及动态特征与生态环境质量关系，为建设“生态水库”提供水文地质依据,
紫坪铺水利枢纽工程生态地质专题调查小结：专题研究之八,工程概况,紫坪铺水利枢纽工程位于岷江上游下段，属成都市宝瓶口管辖,
紫坪铺水利枢纽工程生态地质专题调查小结：专题研究之八,工程概况,是一项防洪兼发电的大型水利工程，将对生态地质条件产生重要变化,
紫坪铺水利枢纽工程生态地质专题调查小结：专题研究之八,主要成果,调查区生态环境现状详细阐述，包括退化型森林、农业、人居生态类型以及地质灾害和水土流失等方面情况,
紫坪铺水利枢纽工程生态地质专题调查小结：专题研究之八,主要成果,分析了地质条件，指出地质灾害主要受地形、岩性、构造和降雨等因素控制，如崩塌、滑坡和泥石流,
紫坪铺水利枢纽工程生态地质专题调查小结：专题研究之八,主要成果,揭示了调查区水文地质条件，包括第四系孔隙水、基岩裂隙水和溶蚀孔隙水的分布情况,
紫坪铺水利枢纽工程生态地质专题调查小结：专题研究之八,影响因素,水文条件变化、工程施工及水库运行对区内生态地质环境的重大影响,
莫格通幅H47E021017 1/5万地质图说明书,执行单位,四川省地质矿产勘查开发局区域地质调查队,
莫格通幅H47E021017 1/6万地质图说明书,调查范围,四川省稻城县，乡城县,
莫格通幅H47E021017 1/7万地质图说明书,完成工作量,填图面积：451.77km2,
莫格通幅H47E021017 1/8万地质图说明书,完成工作量,调查路线：552.5km,
莫格通幅H47E021017 1/9万地质图说明书,完成工作量,地质观测点：847个,
莫格通幅H47E021017 1/10万地质图说明书,完成工作量,剖面测量：50.691km,
莫格通幅H47E021017 1/11万地质图说明书,完成工作量,测试鉴定：707件,
莫格通幅H47E021017 1/12万地质图说明书,主要成果,地层岩性、岩相、基本层序、地层序列、接触关系、变形特征及生物化石特征的调查,
莫格通幅H47E021017 1/13万地质图说明书,主要成果,填绘52个典型基本层序组合类型单位的地质体,
莫格通幅H47E021017 1/14万地质图说明书,主要成果,确立早堆独立单元，划分变质相带，对构造变形进行详细描述,
莫格通幅H47E021017 1/15万地质图说明书,主要成果,建立了测区区域构造格架，构造变形演化序列，并进行了运动学和动力学分析,
莫格通幅H47E021017 1/16万地质图说明书,主要成果,建立了地质事件表演化表，划分地壳演化与地质发展历程为2个旋回3个阶段,
莫格通幅H47E021017 1/17万地质图说明书,主要成果,对矿产资源、旅游资源及地质灾害进行了全面调查，对含金银铅锌矿产地的成矿地质条件进行了总结,
湾坝幅H48E018001 1/5万地质图说明书,执行单位,四川省地质矿产勘查开发局,
湾坝幅H48E018001 1/6万地质图说明书,调查范围,四川省石棉县、冕宁县、九龙县,
湾坝幅H48E018001 1/7万地质图说明书,完成工作量,填图面积：450km2,
湾坝幅H48E018001 1/8万地质图说明书,完成工作量,路线调查：602km,
湾坝幅H48E018001 1/9万地质图说明书,完成工作量,观察点：881个,
湾坝幅H48E018001 1/10万地质图说明书,完成工作量,实测剖面：18.59km,
湾坝幅H48E018001 1/11万地质图说明书,完成工作量,测试鉴定：557件,
湾坝幅H48E018001 1/12万地质图说明书,主要成果,新发现晚震旦世、志留纪、二叠纪、更新世多个层位的微古植物化石，为地层归属及生物地层研究提供资料,
湾坝幅H48E018001 1/13万地质图说明书,主要成果,发现志留纪微古化石，确认产世界首例独立碲矿床地层层位,
湾坝幅H48E018001 1/14万地质图说明书,主要成果,重新厘定地层柱，划分地层为13个组级和11个段级岩石地层单位等,
湾坝幅H48E018001 1/15万地质图说明书,主要成果,探讨岩浆岩的特征和演化，划分花岗岩侵入体等,
湾坝幅H48E018001 1/16万地质图说明书,主要成果,研究了前震旦纪至晚白垩世岩浆时空演化规律，二叠纪海陆相火山岩差异等,
湾坝幅H48E018001 1/17万地质图说明书,主要成果,确立了构造格架，发现金银矿点、金矿化点等，划分找矿远景带,
湾坝幅H48E018001 1/18万地质图说明书,主要成果,提出生态环境保护、旅游资源开发利用、地质灾害防治等建设性意见,
水磨沟幅H47E013013 1/5万区域地质调查报告,承担单位,四川省地质调查院,
水磨沟幅H47E013013 1/6万区域地质调查报告,工作地点,四川省甘孜藏族自治州巴塘县和西藏自治区芒康县,
水磨沟幅H47E013013 1/7万区域地质调查报告,目标任务,建立测区不同构造地层带的地层系统，划分火山岩相、喷发韵律、旋回，探索岩浆演化及成矿关系,
水磨沟幅H47E013013 1/8万区域地质调查报告,完成工作量,地质填图446.04km2，剖面测量53.1km，路线调查462.6km，地质点667个，样品589件,
水磨沟幅H47E013013 1/9万区域地质调查报告,主要成果,新拟定出测区内地层系统，建立地层序列，查明6个组级、10个段级岩石地层单位的接触关系、岩性等,
水磨沟幅H47E013013 1/10万区域地质调查报告,主要成果,填绘出金沙江蛇绿岩群，划分出5个带，研究其物质组成、结构、构造特征,
水磨沟幅H47E013013 1/11万区域地质调查报告,主要成果,划分出格聂和江达两个构造岩浆带，建立侵入时序和岩浆演化序列,
水磨沟幅H47E013013 1/12万区域地质调查报告,主要成果,调查研究中元古界雄松群、早古生代查马贡群、小坝冲组、邦归组火山岩等,
水磨沟幅H47E013013 1/13万区域地质调查报告,主要成果,调查区内变质岩的分布，划分出四种类型的变质岩,
水磨沟幅H47E013013 1/14万区域地质调查报告,主要成果,建立区域构造格架，论述构造演化史,
内江市幅H48E015013 1/5万环境地质调查报告,工作起止年限,2014年1月-2015年12月,
内江市幅H48E015013 1/6万环境地质调查报告,实施单位,中国地调局成都地质调査中心,
内江市幅H48E015013 1/7万环境地质调查报告,目标,基本査明重大工程区工程地质条件和供水远景区水文地质条件，评估城市规划布局与发展、地质安全和水资源保障程度,
内江市幅H48E015013 1/8万环境地质调查报告,重点,开展重大环境地质问题专题研究，提出城市地质环境保护对策建议,
内江市幅H48E015013 1/9万环境地质调查报告,工作量,工程地质调查面积：440km²,
内江市幅H48E015013 1/10万环境地质调查报告,工作量,工程地质钻探深度：604.8m,
内江市幅H48E015013 1/11万环境地质调查报告,主要内容,岩土体分类和工程地质性质,
内江市幅H48E015013 1/12万环境地质调查报告,主要内容,水文地质条件和地下水资源预测,
内江市幅H48E015013 1/13万环境地质调查报告,主要内容,环境地质问题分析，包括地质灾害、水污染等,
内江市幅H48E015013 1/14万环境地质调查报告,主要内容,工程地质大区和适宜性分区评价,
内江市幅H48E015013 1/15万环境地质调查报告,主要内容,工程建设地学建议,
内江市幅H48E015013 1/16万环境地质调查报告,主要内容,城市地质环境综合评价,
内江市幅H48E015013 1/17万环境地质调查报告,主要内容,红层边坡工程地质问题评价,
内江市幅H48E015013 1/18万环境地质调查报告,主要内容,数据库建立：四川1:5万内江市环境地质调査数据库,
西藏拉萨市流沙河泥石流治理工程监理报告,项目承担单位,地质灾害防治工程勘察设计院眉山分院,
西藏拉萨市流沙河泥石流治理工程监理报告,工程区域,拉萨市北郊的夺底乡、娘热乡地域内,
西藏拉萨市流沙河泥石流治理工程监理报告,完成工程量,土方开挖：5226m3,
西藏拉萨市流沙河泥石流治理工程监理报告,完成工程量,土方回填：8551m3,
西藏拉萨市流沙河泥石流治理工程监理报告,完成工程量,余土外运：2050m3,
西藏拉萨市流沙河泥石流治理工程监理报告,完成工程量,清河道及排导槽内砂砾石堆积土：6336m3,
西藏拉萨市流沙河泥石流治理工程监理报告,完成工程量,平整场地：14502m3,
西藏拉萨市流沙河泥石流治理工程监理报告,完成工程量,槽底铺垫砂浆：338m3,
西藏拉萨市流沙河泥石流治理工程监理报告,完成工程量,浆砌：7673.38m3,
西藏拉萨市流沙河泥石流治理工程监理报告,完成工程量,干砌石：2588m3,
西藏拉萨市流沙河泥石流治理工程监理报告,完成工程量,现浇砼：47.3m3,
西藏拉萨市流沙河泥石流治理工程监理报告,完成工程量,砌体勾缝：16459m2,
西藏拉萨市流沙河泥石流治理工程监理报告,完成工程量,压顶及基础面层抹面：2163.27m2,
西藏拉萨市流沙河泥石流治理工程监理报告,完成工程量,伸缩缝填塞沥青砂浆：353.21m2,
西藏拉萨市流沙河泥石流治理工程监理报告,主要成果,修建拦砂坝、排导堤、防冲肋，减小流速，降低冲刷度和冲击破坏力，抑制泥石流发育及危害,
西藏拉萨市流沙河泥石流治理工程监理报告,主要成果,修筑谷坊稳定了沟床，减轻了泥石流的危险程度,
西藏拉萨市流沙河泥石流治理工程监理报告,主要成果,修排导堤，增强了坡体抗冲能力，保护了村庄和农田,
西藏拉萨市流沙河泥石流治理工程监理报告,主要成果,修建左右岸护堤、排导堤，增强了流沙河的停淤量,
西藏拉萨市流沙河泥石流治理工程监理报告,主要成果,提高了拉萨市防灾、抗灾能力，减轻泥石流危害和洪流灾害，增强了拉萨市区的安全性,
青藏高原（西藏）重点地区萨迦县1/5万水工环地质调查成果报告,调查区域,萨迦县1:5万水工环地质调查的两处重点调查区,
青藏高原（西藏）重点地区萨迦县1/6万水工环地质调查成果报告,调查目的,开展西藏萨迦县1:5万水文地质工程地质环境地质调查,
青藏高原（西藏）重点地区萨迦县1/7万水工环地质调查成果报告,调查目的,查明工作区水文地质工程地质环境地质条件、地下水赋存分布状况与开发利用条件和主要环境地质问题,
青藏高原（西藏）重点地区萨迦县1/8万水工环地质调查成果报告,调查目的,为县城和主要乡镇规划建设提供依据,
青藏高原（西藏）重点地区萨迦县1/9万水工环地质调查成果报告,项目编码,1.21201E+12,
青藏高原（西藏）重点地区萨迦县1/10万水工环地质调查成果报告,实施单位,四川省地矿局成都水文地质工程地质中心,
青藏高原（西藏）重点地区萨迦县1/11万水工环地质调查成果报告,报告提交单位,西藏自治区地质环境监测总站,
青藏高原（西藏）重点地区萨迦县1/12万水工环地质调查成果报告,实施时间,2012年5月至2012年12月,
青藏高原（西藏）重点地区萨迦县1/13万水工环地质调查成果报告,主要成果,按设计书要求完成各项任务，实物工作量详见表1-1,
青藏高原（西藏）重点地区萨迦县1/14万水工环地质调查成果报告,主要成果,查明地下水赋存的地质背景条件，地下水类型包括松散堆积层孔隙水、基岩裂隙水、深部循环热水,
青藏高原（西藏）重点地区萨迦县1/15万水工环地质调查成果报告,主要成果,查明岩土体类型及物理力学参数，包括坚硬块状火山岩组、坚硬层状砂岩、粉砂岩岩组、软弱层状砂岩、泥岩岩组等三大类,
青藏高原（西藏）重点地区萨迦县1/16万水工环地质调查成果报告,主要成果,确定主要环境地质问题为地下水污染和崩塌、泥石流地质灾害,
浙东火山岩成矿区遥感地质综合调查2008年增量项目成果报告,所属机构,中国地质调查局、四川省地质调查院,
浙东火山岩成矿区遥感地质综合调查2009年增量项目成果报告,项目时间,2008年-2010年,
浙东火山岩成矿区遥感地质综合调查2010年增量项目成果报告,项目目的,开展区域成矿远景、矿产资源开发利用状况、矿山环境和矿产资源规划执行情况遥感调查与监测工作，为国土资源部制定矿产资源规划提供技术支撑及决策依据,
浙东火山岩成矿区遥感地质综合调查2011年增量项目成果报告,主要工作内容,区域成矿地质背景与成矿远景遥感调查,
浙东火山岩成矿区遥感地质综合调查2012年增量项目成果报告,主要工作内容,矿产资源开发利用状况、矿山环境和矿产资源规划执行情况遥感调查与监测,
浙东火山岩成矿区遥感地质综合调查2013年增量项目成果报告,主要工作内容,查证工作，综合分析和评价,
浙东火山岩成矿区遥感地质综合调查2014年增量项目成果报告,主要工作内容,提交成果图件及相关报表，提交所有原始数据和资料,
浙东火山岩成矿区遥感地质综合调查2015年增量项目成果报告,工作方法,数据资料收集,
浙东火山岩成矿区遥感地质综合调查2016年增量项目成果报告,工作方法,遥感数据处理,
浙东火山岩成矿区遥感地质综合调查2017年增量项目成果报告,工作方法,矿山开发多目标遥感信息提取,
浙东火山岩成矿区遥感地质综合调查2018年增量项目成果报告,工作方法,实地验证,
浙东火山岩成矿区遥感地质综合调查2019年增量项目成果报告,工作方法,矿山地质环境评价,
浙东火山岩成矿区遥感地质综合调查2020年增量项目成果报告,工作方法,质量控制,
浙东火山岩成矿区遥感地质综合调查2021年增量项目成果报告,工作方法,阶段成果提交,
浙东火山岩成矿区遥感地质综合调查2022年增量项目成果报告,工作方法,图件编制、表格填制与数据入库,
浙东火山岩成矿区遥感地质综合调查2023年增量项目成果报告,工作方法,综合分析与报告编写,
浙东火山岩成矿区遥感地质综合调查2024年增量项目成果报告,取得成果,利用卫星遥感技术手段开展矿山开发遥感调查与监测工作,
浙东火山岩成矿区遥感地质综合调查2025年增量项目成果报告,取得成果,建立了具有浙东地区特点的矿山开发遥感调查与监测的理论体系和技术方法,
浙东火山岩成矿区遥感地质综合调查2026年增量项目成果报告,取得成果,发现并提交疑似违法开采矿山,
浙东火山岩成矿区遥感地质综合调查2027年增量项目成果报告,取得成果,圈定了矿山占地面积、对矿山地质灾害及隐患点位置、规模、威胁范围进行了统计,
浙东火山岩成矿区遥感地质综合调查2028年增量项目成果报告,取得成果,开展了浙江省矿山环境恢复治理遥感监测，完成了矿山生态环境恢复治理,
